[0.089s] DEBUG:colcon:Command line arguments: ['/usr/bin/colcon', 'build', '--symlink-install']
[0.089s] DEBUG:colcon:Parsed command line arguments: Namespace(log_base=None, log_level=None, verb_name='build', build_base='build', install_base='install', merge_install=False, symlink_install=True, test_result_base=None, continue_on_error=False, executor='parallel', parallel_workers=20, event_handlers=None, ignore_user_meta=False, metas=['./colcon.meta'], base_paths=['.'], packages_ignore=None, packages_ignore_regex=None, paths=None, packages_up_to=None, packages_up_to_regex=None, packages_above=None, packages_above_and_dependencies=None, packages_above_depth=None, packages_select_by_dep=None, packages_skip_by_dep=None, packages_skip_up_to=None, packages_select_build_failed=False, packages_skip_build_finished=False, packages_select_test_failures=False, packages_skip_test_passed=False, packages_select=None, packages_skip=None, packages_select_regex=None, packages_skip_regex=None, packages_start=None, packages_end=None, allow_overriding=[], cmake_args=None, cmake_target=None, cmake_target_skip_unavailable=False, cmake_clean_cache=False, cmake_clean_first=False, cmake_force_configure=False, ament_cmake_args=None, catkin_cmake_args=None, catkin_skip_building_tests=False, mixin_files=None, mixin=None, verb_parser=<colcon_mixin.mixin.mixin_argument.MixinArgumentDecorator object at 0x722bfa406710>, verb_extension=<colcon_core.verb.build.BuildVerb object at 0x722bfa5736d0>, main=<bound method BuildVerb.main of <colcon_core.verb.build.BuildVerb object at 0x722bfa5736d0>>, mixin_verb=('build',))
[0.208s] Level 1:colcon.colcon_core.package_discovery:discover_packages(colcon_meta) check parameters
[0.208s] Level 1:colcon.colcon_core.package_discovery:discover_packages(recursive) check parameters
[0.208s] Level 1:colcon.colcon_core.package_discovery:discover_packages(ignore) check parameters
[0.208s] Level 1:colcon.colcon_core.package_discovery:discover_packages(path) check parameters
[0.208s] Level 1:colcon.colcon_core.package_discovery:discover_packages(colcon_meta) discover
[0.208s] Level 1:colcon.colcon_core.package_discovery:discover_packages(recursive) discover
[0.208s] INFO:colcon.colcon_core.package_discovery:Crawling recursively for packages in '/home/bars/icarus_ws'
[0.208s] Level 1:colcon.colcon_core.package_identification:_identify(.) by extensions ['ignore', 'ignore_ament_install']
[0.208s] Level 1:colcon.colcon_core.package_identification:_identify(.) by extension 'ignore'
[0.208s] Level 1:colcon.colcon_core.package_identification:_identify(.) by extension 'ignore_ament_install'
[0.208s] Level 1:colcon.colcon_core.package_identification:_identify(.) by extensions ['colcon_pkg']
[0.208s] Level 1:colcon.colcon_core.package_identification:_identify(.) by extension 'colcon_pkg'
[0.208s] Level 1:colcon.colcon_core.package_identification:_identify(.) by extensions ['colcon_meta']
[0.208s] Level 1:colcon.colcon_core.package_identification:_identify(.) by extension 'colcon_meta'
[0.208s] Level 1:colcon.colcon_core.package_identification:_identify(.) by extensions ['ros']
[0.208s] Level 1:colcon.colcon_core.package_identification:_identify(.) by extension 'ros'
[0.215s] Level 1:colcon.colcon_core.package_identification:_identify(.) by extensions ['cmake', 'python']
[0.215s] Level 1:colcon.colcon_core.package_identification:_identify(.) by extension 'cmake'
[0.215s] Level 1:colcon.colcon_core.package_identification:_identify(.) by extension 'python'
[0.215s] Level 1:colcon.colcon_core.package_identification:_identify(.) by extensions ['python_setup_py']
[0.215s] Level 1:colcon.colcon_core.package_identification:_identify(.) by extension 'python_setup_py'
[0.215s] Level 1:colcon.colcon_core.package_identification:_identify(build) by extensions ['ignore', 'ignore_ament_install']
[0.215s] Level 1:colcon.colcon_core.package_identification:_identify(build) by extension 'ignore'
[0.215s] Level 1:colcon.colcon_core.package_identification:_identify(build) ignored
[0.215s] Level 1:colcon.colcon_core.package_identification:_identify(install) by extensions ['ignore', 'ignore_ament_install']
[0.215s] Level 1:colcon.colcon_core.package_identification:_identify(install) by extension 'ignore'
[0.215s] Level 1:colcon.colcon_core.package_identification:_identify(install) ignored
[0.215s] Level 1:colcon.colcon_core.package_identification:_identify(log) by extensions ['ignore', 'ignore_ament_install']
[0.215s] Level 1:colcon.colcon_core.package_identification:_identify(log) by extension 'ignore'
[0.215s] Level 1:colcon.colcon_core.package_identification:_identify(log) ignored
[0.215s] Level 1:colcon.colcon_core.package_identification:_identify(src) by extensions ['ignore', 'ignore_ament_install']
[0.216s] Level 1:colcon.colcon_core.package_identification:_identify(src) by extension 'ignore'
[0.216s] Level 1:colcon.colcon_core.package_identification:_identify(src) by extension 'ignore_ament_install'
[0.216s] Level 1:colcon.colcon_core.package_identification:_identify(src) by extensions ['colcon_pkg']
[0.216s] Level 1:colcon.colcon_core.package_identification:_identify(src) by extension 'colcon_pkg'
[0.216s] Level 1:colcon.colcon_core.package_identification:_identify(src) by extensions ['colcon_meta']
[0.216s] Level 1:colcon.colcon_core.package_identification:_identify(src) by extension 'colcon_meta'
[0.216s] Level 1:colcon.colcon_core.package_identification:_identify(src) by extensions ['ros']
[0.216s] Level 1:colcon.colcon_core.package_identification:_identify(src) by extension 'ros'
[0.216s] Level 1:colcon.colcon_core.package_identification:_identify(src) by extensions ['cmake', 'python']
[0.216s] Level 1:colcon.colcon_core.package_identification:_identify(src) by extension 'cmake'
[0.216s] Level 1:colcon.colcon_core.package_identification:_identify(src) by extension 'python'
[0.216s] Level 1:colcon.colcon_core.package_identification:_identify(src) by extensions ['python_setup_py']
[0.216s] Level 1:colcon.colcon_core.package_identification:_identify(src) by extension 'python_setup_py'
[0.216s] Level 1:colcon.colcon_core.package_identification:_identify(src/Universal_Robots_ROS2_Description) by extensions ['ignore', 'ignore_ament_install']
[0.216s] Level 1:colcon.colcon_core.package_identification:_identify(src/Universal_Robots_ROS2_Description) by extension 'ignore'
[0.216s] Level 1:colcon.colcon_core.package_identification:_identify(src/Universal_Robots_ROS2_Description) by extension 'ignore_ament_install'
[0.216s] Level 1:colcon.colcon_core.package_identification:_identify(src/Universal_Robots_ROS2_Description) by extensions ['colcon_pkg']
[0.216s] Level 1:colcon.colcon_core.package_identification:_identify(src/Universal_Robots_ROS2_Description) by extension 'colcon_pkg'
[0.216s] Level 1:colcon.colcon_core.package_identification:_identify(src/Universal_Robots_ROS2_Description) by extensions ['colcon_meta']
[0.216s] Level 1:colcon.colcon_core.package_identification:_identify(src/Universal_Robots_ROS2_Description) by extension 'colcon_meta'
[0.216s] Level 1:colcon.colcon_core.package_identification:_identify(src/Universal_Robots_ROS2_Description) by extensions ['ros']
[0.216s] Level 1:colcon.colcon_core.package_identification:_identify(src/Universal_Robots_ROS2_Description) by extension 'ros'
[0.218s] DEBUG:colcon.colcon_core.package_identification:Package 'src/Universal_Robots_ROS2_Description' with type 'ros.ament_cmake' and name 'ur_description'
[0.218s] Level 1:colcon.colcon_core.package_identification:_identify(src/Universal_Robots_ROS2_Gazebo_Simulation) by extensions ['ignore', 'ignore_ament_install']
[0.218s] Level 1:colcon.colcon_core.package_identification:_identify(src/Universal_Robots_ROS2_Gazebo_Simulation) by extension 'ignore'
[0.218s] Level 1:colcon.colcon_core.package_identification:_identify(src/Universal_Robots_ROS2_Gazebo_Simulation) by extension 'ignore_ament_install'
[0.218s] Level 1:colcon.colcon_core.package_identification:_identify(src/Universal_Robots_ROS2_Gazebo_Simulation) by extensions ['colcon_pkg']
[0.218s] Level 1:colcon.colcon_core.package_identification:_identify(src/Universal_Robots_ROS2_Gazebo_Simulation) by extension 'colcon_pkg'
[0.218s] Level 1:colcon.colcon_core.package_identification:_identify(src/Universal_Robots_ROS2_Gazebo_Simulation) by extensions ['colcon_meta']
[0.218s] Level 1:colcon.colcon_core.package_identification:_identify(src/Universal_Robots_ROS2_Gazebo_Simulation) by extension 'colcon_meta'
[0.218s] Level 1:colcon.colcon_core.package_identification:_identify(src/Universal_Robots_ROS2_Gazebo_Simulation) by extensions ['ros']
[0.218s] Level 1:colcon.colcon_core.package_identification:_identify(src/Universal_Robots_ROS2_Gazebo_Simulation) by extension 'ros'
[0.218s] Level 1:colcon.colcon_core.package_identification:_identify(src/Universal_Robots_ROS2_Gazebo_Simulation) by extensions ['cmake', 'python']
[0.218s] Level 1:colcon.colcon_core.package_identification:_identify(src/Universal_Robots_ROS2_Gazebo_Simulation) by extension 'cmake'
[0.218s] Level 1:colcon.colcon_core.package_identification:_identify(src/Universal_Robots_ROS2_Gazebo_Simulation) by extension 'python'
[0.218s] Level 1:colcon.colcon_core.package_identification:_identify(src/Universal_Robots_ROS2_Gazebo_Simulation) by extensions ['python_setup_py']
[0.218s] Level 1:colcon.colcon_core.package_identification:_identify(src/Universal_Robots_ROS2_Gazebo_Simulation) by extension 'python_setup_py'
[0.218s] Level 1:colcon.colcon_core.package_identification:_identify(src/Universal_Robots_ROS2_Gazebo_Simulation/ur_simulation_gazebo) by extensions ['ignore', 'ignore_ament_install']
[0.218s] Level 1:colcon.colcon_core.package_identification:_identify(src/Universal_Robots_ROS2_Gazebo_Simulation/ur_simulation_gazebo) by extension 'ignore'
[0.218s] Level 1:colcon.colcon_core.package_identification:_identify(src/Universal_Robots_ROS2_Gazebo_Simulation/ur_simulation_gazebo) by extension 'ignore_ament_install'
[0.218s] Level 1:colcon.colcon_core.package_identification:_identify(src/Universal_Robots_ROS2_Gazebo_Simulation/ur_simulation_gazebo) by extensions ['colcon_pkg']
[0.218s] Level 1:colcon.colcon_core.package_identification:_identify(src/Universal_Robots_ROS2_Gazebo_Simulation/ur_simulation_gazebo) by extension 'colcon_pkg'
[0.218s] Level 1:colcon.colcon_core.package_identification:_identify(src/Universal_Robots_ROS2_Gazebo_Simulation/ur_simulation_gazebo) by extensions ['colcon_meta']
[0.218s] Level 1:colcon.colcon_core.package_identification:_identify(src/Universal_Robots_ROS2_Gazebo_Simulation/ur_simulation_gazebo) by extension 'colcon_meta'
[0.218s] Level 1:colcon.colcon_core.package_identification:_identify(src/Universal_Robots_ROS2_Gazebo_Simulation/ur_simulation_gazebo) by extensions ['ros']
[0.218s] Level 1:colcon.colcon_core.package_identification:_identify(src/Universal_Robots_ROS2_Gazebo_Simulation/ur_simulation_gazebo) by extension 'ros'
[0.219s] DEBUG:colcon.colcon_core.package_identification:Package 'src/Universal_Robots_ROS2_Gazebo_Simulation/ur_simulation_gazebo' with type 'ros.ament_cmake' and name 'ur_simulation_gazebo'
[0.219s] Level 1:colcon.colcon_core.package_identification:_identify(src/ros2_control_demos) by extensions ['ignore', 'ignore_ament_install']
[0.219s] Level 1:colcon.colcon_core.package_identification:_identify(src/ros2_control_demos) by extension 'ignore'
[0.219s] Level 1:colcon.colcon_core.package_identification:_identify(src/ros2_control_demos) by extension 'ignore_ament_install'
[0.219s] Level 1:colcon.colcon_core.package_identification:_identify(src/ros2_control_demos) by extensions ['colcon_pkg']
[0.219s] Level 1:colcon.colcon_core.package_identification:_identify(src/ros2_control_demos) by extension 'colcon_pkg'
[0.219s] Level 1:colcon.colcon_core.package_identification:_identify(src/ros2_control_demos) by extensions ['colcon_meta']
[0.219s] Level 1:colcon.colcon_core.package_identification:_identify(src/ros2_control_demos) by extension 'colcon_meta'
[0.219s] Level 1:colcon.colcon_core.package_identification:_identify(src/ros2_control_demos) by extensions ['ros']
[0.219s] Level 1:colcon.colcon_core.package_identification:_identify(src/ros2_control_demos) by extension 'ros'
[0.219s] Level 1:colcon.colcon_core.package_identification:_identify(src/ros2_control_demos) by extensions ['cmake', 'python']
[0.219s] Level 1:colcon.colcon_core.package_identification:_identify(src/ros2_control_demos) by extension 'cmake'
[0.219s] Level 1:colcon.colcon_core.package_identification:_identify(src/ros2_control_demos) by extension 'python'
[0.219s] Level 1:colcon.colcon_core.package_identification:_identify(src/ros2_control_demos) by extensions ['python_setup_py']
[0.219s] Level 1:colcon.colcon_core.package_identification:_identify(src/ros2_control_demos) by extension 'python_setup_py'
[0.219s] Level 1:colcon.colcon_core.package_identification:_identify(src/ros2_control_demos/Dockerfile) by extensions ['ignore', 'ignore_ament_install']
[0.219s] Level 1:colcon.colcon_core.package_identification:_identify(src/ros2_control_demos/Dockerfile) by extension 'ignore'
[0.219s] Level 1:colcon.colcon_core.package_identification:_identify(src/ros2_control_demos/Dockerfile) by extension 'ignore_ament_install'
[0.219s] Level 1:colcon.colcon_core.package_identification:_identify(src/ros2_control_demos/Dockerfile) by extensions ['colcon_pkg']
[0.219s] Level 1:colcon.colcon_core.package_identification:_identify(src/ros2_control_demos/Dockerfile) by extension 'colcon_pkg'
[0.219s] Level 1:colcon.colcon_core.package_identification:_identify(src/ros2_control_demos/Dockerfile) by extensions ['colcon_meta']
[0.219s] Level 1:colcon.colcon_core.package_identification:_identify(src/ros2_control_demos/Dockerfile) by extension 'colcon_meta'
[0.219s] Level 1:colcon.colcon_core.package_identification:_identify(src/ros2_control_demos/Dockerfile) by extensions ['ros']
[0.219s] Level 1:colcon.colcon_core.package_identification:_identify(src/ros2_control_demos/Dockerfile) by extension 'ros'
[0.219s] Level 1:colcon.colcon_core.package_identification:_identify(src/ros2_control_demos/Dockerfile) by extensions ['cmake', 'python']
[0.219s] Level 1:colcon.colcon_core.package_identification:_identify(src/ros2_control_demos/Dockerfile) by extension 'cmake'
[0.219s] Level 1:colcon.colcon_core.package_identification:_identify(src/ros2_control_demos/Dockerfile) by extension 'python'
[0.220s] Level 1:colcon.colcon_core.package_identification:_identify(src/ros2_control_demos/Dockerfile) by extensions ['python_setup_py']
[0.220s] Level 1:colcon.colcon_core.package_identification:_identify(src/ros2_control_demos/Dockerfile) by extension 'python_setup_py'
[0.220s] Level 1:colcon.colcon_core.package_identification:_identify(src/ros2_control_demos/doc) by extensions ['ignore', 'ignore_ament_install']
[0.220s] Level 1:colcon.colcon_core.package_identification:_identify(src/ros2_control_demos/doc) by extension 'ignore'
[0.220s] Level 1:colcon.colcon_core.package_identification:_identify(src/ros2_control_demos/doc) by extension 'ignore_ament_install'
[0.220s] Level 1:colcon.colcon_core.package_identification:_identify(src/ros2_control_demos/doc) by extensions ['colcon_pkg']
[0.220s] Level 1:colcon.colcon_core.package_identification:_identify(src/ros2_control_demos/doc) by extension 'colcon_pkg'
[0.220s] Level 1:colcon.colcon_core.package_identification:_identify(src/ros2_control_demos/doc) by extensions ['colcon_meta']
[0.220s] Level 1:colcon.colcon_core.package_identification:_identify(src/ros2_control_demos/doc) by extension 'colcon_meta'
[0.220s] Level 1:colcon.colcon_core.package_identification:_identify(src/ros2_control_demos/doc) by extensions ['ros']
[0.220s] Level 1:colcon.colcon_core.package_identification:_identify(src/ros2_control_demos/doc) by extension 'ros'
[0.220s] Level 1:colcon.colcon_core.package_identification:_identify(src/ros2_control_demos/doc) by extensions ['cmake', 'python']
[0.220s] Level 1:colcon.colcon_core.package_identification:_identify(src/ros2_control_demos/doc) by extension 'cmake'
[0.220s] Level 1:colcon.colcon_core.package_identification:_identify(src/ros2_control_demos/doc) by extension 'python'
[0.220s] Level 1:colcon.colcon_core.package_identification:_identify(src/ros2_control_demos/doc) by extensions ['python_setup_py']
[0.220s] Level 1:colcon.colcon_core.package_identification:_identify(src/ros2_control_demos/doc) by extension 'python_setup_py'
[0.220s] Level 1:colcon.colcon_core.package_identification:_identify(src/ros2_control_demos/example_1) by extensions ['ignore', 'ignore_ament_install']
[0.220s] Level 1:colcon.colcon_core.package_identification:_identify(src/ros2_control_demos/example_1) by extension 'ignore'
[0.220s] Level 1:colcon.colcon_core.package_identification:_identify(src/ros2_control_demos/example_1) by extension 'ignore_ament_install'
[0.220s] Level 1:colcon.colcon_core.package_identification:_identify(src/ros2_control_demos/example_1) by extensions ['colcon_pkg']
[0.220s] Level 1:colcon.colcon_core.package_identification:_identify(src/ros2_control_demos/example_1) by extension 'colcon_pkg'
[0.220s] Level 1:colcon.colcon_core.package_identification:_identify(src/ros2_control_demos/example_1) by extensions ['colcon_meta']
[0.220s] Level 1:colcon.colcon_core.package_identification:_identify(src/ros2_control_demos/example_1) by extension 'colcon_meta'
[0.220s] Level 1:colcon.colcon_core.package_identification:_identify(src/ros2_control_demos/example_1) by extensions ['ros']
[0.220s] Level 1:colcon.colcon_core.package_identification:_identify(src/ros2_control_demos/example_1) by extension 'ros'
[0.221s] DEBUG:colcon.colcon_core.package_identification:Package 'src/ros2_control_demos/example_1' with type 'ros.ament_cmake' and name 'ros2_control_demo_example_1'
[0.221s] Level 1:colcon.colcon_core.package_identification:_identify(src/ros2_control_demos/example_10) by extensions ['ignore', 'ignore_ament_install']
[0.221s] Level 1:colcon.colcon_core.package_identification:_identify(src/ros2_control_demos/example_10) by extension 'ignore'
[0.221s] Level 1:colcon.colcon_core.package_identification:_identify(src/ros2_control_demos/example_10) by extension 'ignore_ament_install'
[0.221s] Level 1:colcon.colcon_core.package_identification:_identify(src/ros2_control_demos/example_10) by extensions ['colcon_pkg']
[0.221s] Level 1:colcon.colcon_core.package_identification:_identify(src/ros2_control_demos/example_10) by extension 'colcon_pkg'
[0.221s] Level 1:colcon.colcon_core.package_identification:_identify(src/ros2_control_demos/example_10) by extensions ['colcon_meta']
[0.221s] Level 1:colcon.colcon_core.package_identification:_identify(src/ros2_control_demos/example_10) by extension 'colcon_meta'
[0.221s] Level 1:colcon.colcon_core.package_identification:_identify(src/ros2_control_demos/example_10) by extensions ['ros']
[0.221s] Level 1:colcon.colcon_core.package_identification:_identify(src/ros2_control_demos/example_10) by extension 'ros'
[0.222s] DEBUG:colcon.colcon_core.package_identification:Package 'src/ros2_control_demos/example_10' with type 'ros.ament_cmake' and name 'ros2_control_demo_example_10'
[0.222s] Level 1:colcon.colcon_core.package_identification:_identify(src/ros2_control_demos/example_11) by extensions ['ignore', 'ignore_ament_install']
[0.222s] Level 1:colcon.colcon_core.package_identification:_identify(src/ros2_control_demos/example_11) by extension 'ignore'
[0.222s] Level 1:colcon.colcon_core.package_identification:_identify(src/ros2_control_demos/example_11) by extension 'ignore_ament_install'
[0.222s] Level 1:colcon.colcon_core.package_identification:_identify(src/ros2_control_demos/example_11) by extensions ['colcon_pkg']
[0.222s] Level 1:colcon.colcon_core.package_identification:_identify(src/ros2_control_demos/example_11) by extension 'colcon_pkg'
[0.222s] Level 1:colcon.colcon_core.package_identification:_identify(src/ros2_control_demos/example_11) by extensions ['colcon_meta']
[0.222s] Level 1:colcon.colcon_core.package_identification:_identify(src/ros2_control_demos/example_11) by extension 'colcon_meta'
[0.222s] Level 1:colcon.colcon_core.package_identification:_identify(src/ros2_control_demos/example_11) by extensions ['ros']
[0.222s] Level 1:colcon.colcon_core.package_identification:_identify(src/ros2_control_demos/example_11) by extension 'ros'
[0.223s] DEBUG:colcon.colcon_core.package_identification:Package 'src/ros2_control_demos/example_11' with type 'ros.ament_cmake' and name 'ros2_control_demo_example_11'
[0.223s] Level 1:colcon.colcon_core.package_identification:_identify(src/ros2_control_demos/example_12) by extensions ['ignore', 'ignore_ament_install']
[0.223s] Level 1:colcon.colcon_core.package_identification:_identify(src/ros2_control_demos/example_12) by extension 'ignore'
[0.223s] Level 1:colcon.colcon_core.package_identification:_identify(src/ros2_control_demos/example_12) by extension 'ignore_ament_install'
[0.223s] Level 1:colcon.colcon_core.package_identification:_identify(src/ros2_control_demos/example_12) by extensions ['colcon_pkg']
[0.223s] Level 1:colcon.colcon_core.package_identification:_identify(src/ros2_control_demos/example_12) by extension 'colcon_pkg'
[0.223s] Level 1:colcon.colcon_core.package_identification:_identify(src/ros2_control_demos/example_12) by extensions ['colcon_meta']
[0.223s] Level 1:colcon.colcon_core.package_identification:_identify(src/ros2_control_demos/example_12) by extension 'colcon_meta'
[0.223s] Level 1:colcon.colcon_core.package_identification:_identify(src/ros2_control_demos/example_12) by extensions ['ros']
[0.223s] Level 1:colcon.colcon_core.package_identification:_identify(src/ros2_control_demos/example_12) by extension 'ros'
[0.224s] DEBUG:colcon.colcon_core.package_identification:Package 'src/ros2_control_demos/example_12' with type 'ros.ament_cmake' and name 'ros2_control_demo_example_12'
[0.224s] Level 1:colcon.colcon_core.package_identification:_identify(src/ros2_control_demos/example_13) by extensions ['ignore', 'ignore_ament_install']
[0.224s] Level 1:colcon.colcon_core.package_identification:_identify(src/ros2_control_demos/example_13) by extension 'ignore'
[0.224s] Level 1:colcon.colcon_core.package_identification:_identify(src/ros2_control_demos/example_13) by extension 'ignore_ament_install'
[0.224s] Level 1:colcon.colcon_core.package_identification:_identify(src/ros2_control_demos/example_13) by extensions ['colcon_pkg']
[0.224s] Level 1:colcon.colcon_core.package_identification:_identify(src/ros2_control_demos/example_13) by extension 'colcon_pkg'
[0.224s] Level 1:colcon.colcon_core.package_identification:_identify(src/ros2_control_demos/example_13) by extensions ['colcon_meta']
[0.224s] Level 1:colcon.colcon_core.package_identification:_identify(src/ros2_control_demos/example_13) by extension 'colcon_meta'
[0.224s] Level 1:colcon.colcon_core.package_identification:_identify(src/ros2_control_demos/example_13) by extensions ['ros']
[0.224s] Level 1:colcon.colcon_core.package_identification:_identify(src/ros2_control_demos/example_13) by extension 'ros'
[0.225s] DEBUG:colcon.colcon_core.package_identification:Package 'src/ros2_control_demos/example_13' with type 'ros.ament_cmake' and name 'ros2_control_demo_example_13'
[0.225s] Level 1:colcon.colcon_core.package_identification:_identify(src/ros2_control_demos/example_14) by extensions ['ignore', 'ignore_ament_install']
[0.225s] Level 1:colcon.colcon_core.package_identification:_identify(src/ros2_control_demos/example_14) by extension 'ignore'
[0.225s] Level 1:colcon.colcon_core.package_identification:_identify(src/ros2_control_demos/example_14) by extension 'ignore_ament_install'
[0.225s] Level 1:colcon.colcon_core.package_identification:_identify(src/ros2_control_demos/example_14) by extensions ['colcon_pkg']
[0.225s] Level 1:colcon.colcon_core.package_identification:_identify(src/ros2_control_demos/example_14) by extension 'colcon_pkg'
[0.225s] Level 1:colcon.colcon_core.package_identification:_identify(src/ros2_control_demos/example_14) by extensions ['colcon_meta']
[0.225s] Level 1:colcon.colcon_core.package_identification:_identify(src/ros2_control_demos/example_14) by extension 'colcon_meta'
[0.225s] Level 1:colcon.colcon_core.package_identification:_identify(src/ros2_control_demos/example_14) by extensions ['ros']
[0.225s] Level 1:colcon.colcon_core.package_identification:_identify(src/ros2_control_demos/example_14) by extension 'ros'
[0.231s] DEBUG:colcon.colcon_core.package_identification:Package 'src/ros2_control_demos/example_14' with type 'ros.ament_cmake' and name 'ros2_control_demo_example_14'
[0.232s] Level 1:colcon.colcon_core.package_identification:_identify(src/ros2_control_demos/example_15) by extensions ['ignore', 'ignore_ament_install']
[0.232s] Level 1:colcon.colcon_core.package_identification:_identify(src/ros2_control_demos/example_15) by extension 'ignore'
[0.232s] Level 1:colcon.colcon_core.package_identification:_identify(src/ros2_control_demos/example_15) by extension 'ignore_ament_install'
[0.232s] Level 1:colcon.colcon_core.package_identification:_identify(src/ros2_control_demos/example_15) by extensions ['colcon_pkg']
[0.232s] Level 1:colcon.colcon_core.package_identification:_identify(src/ros2_control_demos/example_15) by extension 'colcon_pkg'
[0.232s] Level 1:colcon.colcon_core.package_identification:_identify(src/ros2_control_demos/example_15) by extensions ['colcon_meta']
[0.232s] Level 1:colcon.colcon_core.package_identification:_identify(src/ros2_control_demos/example_15) by extension 'colcon_meta'
[0.232s] Level 1:colcon.colcon_core.package_identification:_identify(src/ros2_control_demos/example_15) by extensions ['ros']
[0.232s] Level 1:colcon.colcon_core.package_identification:_identify(src/ros2_control_demos/example_15) by extension 'ros'
[0.232s] DEBUG:colcon.colcon_core.package_identification:Package 'src/ros2_control_demos/example_15' with type 'ros.ament_cmake' and name 'ros2_control_demo_example_15'
[0.232s] Level 1:colcon.colcon_core.package_identification:_identify(src/ros2_control_demos/example_2) by extensions ['ignore', 'ignore_ament_install']
[0.232s] Level 1:colcon.colcon_core.package_identification:_identify(src/ros2_control_demos/example_2) by extension 'ignore'
[0.232s] Level 1:colcon.colcon_core.package_identification:_identify(src/ros2_control_demos/example_2) by extension 'ignore_ament_install'
[0.232s] Level 1:colcon.colcon_core.package_identification:_identify(src/ros2_control_demos/example_2) by extensions ['colcon_pkg']
[0.232s] Level 1:colcon.colcon_core.package_identification:_identify(src/ros2_control_demos/example_2) by extension 'colcon_pkg'
[0.232s] Level 1:colcon.colcon_core.package_identification:_identify(src/ros2_control_demos/example_2) by extensions ['colcon_meta']
[0.232s] Level 1:colcon.colcon_core.package_identification:_identify(src/ros2_control_demos/example_2) by extension 'colcon_meta'
[0.233s] Level 1:colcon.colcon_core.package_identification:_identify(src/ros2_control_demos/example_2) by extensions ['ros']
[0.233s] Level 1:colcon.colcon_core.package_identification:_identify(src/ros2_control_demos/example_2) by extension 'ros'
[0.233s] DEBUG:colcon.colcon_core.package_identification:Package 'src/ros2_control_demos/example_2' with type 'ros.ament_cmake' and name 'ros2_control_demo_example_2'
[0.233s] Level 1:colcon.colcon_core.package_identification:_identify(src/ros2_control_demos/example_3) by extensions ['ignore', 'ignore_ament_install']
[0.233s] Level 1:colcon.colcon_core.package_identification:_identify(src/ros2_control_demos/example_3) by extension 'ignore'
[0.233s] Level 1:colcon.colcon_core.package_identification:_identify(src/ros2_control_demos/example_3) by extension 'ignore_ament_install'
[0.233s] Level 1:colcon.colcon_core.package_identification:_identify(src/ros2_control_demos/example_3) by extensions ['colcon_pkg']
[0.233s] Level 1:colcon.colcon_core.package_identification:_identify(src/ros2_control_demos/example_3) by extension 'colcon_pkg'
[0.233s] Level 1:colcon.colcon_core.package_identification:_identify(src/ros2_control_demos/example_3) by extensions ['colcon_meta']
[0.233s] Level 1:colcon.colcon_core.package_identification:_identify(src/ros2_control_demos/example_3) by extension 'colcon_meta'
[0.233s] Level 1:colcon.colcon_core.package_identification:_identify(src/ros2_control_demos/example_3) by extensions ['ros']
[0.233s] Level 1:colcon.colcon_core.package_identification:_identify(src/ros2_control_demos/example_3) by extension 'ros'
[0.234s] DEBUG:colcon.colcon_core.package_identification:Package 'src/ros2_control_demos/example_3' with type 'ros.ament_cmake' and name 'ros2_control_demo_example_3'
[0.234s] Level 1:colcon.colcon_core.package_identification:_identify(src/ros2_control_demos/example_4) by extensions ['ignore', 'ignore_ament_install']
[0.234s] Level 1:colcon.colcon_core.package_identification:_identify(src/ros2_control_demos/example_4) by extension 'ignore'
[0.234s] Level 1:colcon.colcon_core.package_identification:_identify(src/ros2_control_demos/example_4) by extension 'ignore_ament_install'
[0.234s] Level 1:colcon.colcon_core.package_identification:_identify(src/ros2_control_demos/example_4) by extensions ['colcon_pkg']
[0.234s] Level 1:colcon.colcon_core.package_identification:_identify(src/ros2_control_demos/example_4) by extension 'colcon_pkg'
[0.234s] Level 1:colcon.colcon_core.package_identification:_identify(src/ros2_control_demos/example_4) by extensions ['colcon_meta']
[0.234s] Level 1:colcon.colcon_core.package_identification:_identify(src/ros2_control_demos/example_4) by extension 'colcon_meta'
[0.234s] Level 1:colcon.colcon_core.package_identification:_identify(src/ros2_control_demos/example_4) by extensions ['ros']
[0.234s] Level 1:colcon.colcon_core.package_identification:_identify(src/ros2_control_demos/example_4) by extension 'ros'
[0.235s] DEBUG:colcon.colcon_core.package_identification:Package 'src/ros2_control_demos/example_4' with type 'ros.ament_cmake' and name 'ros2_control_demo_example_4'
[0.235s] Level 1:colcon.colcon_core.package_identification:_identify(src/ros2_control_demos/example_5) by extensions ['ignore', 'ignore_ament_install']
[0.235s] Level 1:colcon.colcon_core.package_identification:_identify(src/ros2_control_demos/example_5) by extension 'ignore'
[0.235s] Level 1:colcon.colcon_core.package_identification:_identify(src/ros2_control_demos/example_5) by extension 'ignore_ament_install'
[0.235s] Level 1:colcon.colcon_core.package_identification:_identify(src/ros2_control_demos/example_5) by extensions ['colcon_pkg']
[0.235s] Level 1:colcon.colcon_core.package_identification:_identify(src/ros2_control_demos/example_5) by extension 'colcon_pkg'
[0.235s] Level 1:colcon.colcon_core.package_identification:_identify(src/ros2_control_demos/example_5) by extensions ['colcon_meta']
[0.235s] Level 1:colcon.colcon_core.package_identification:_identify(src/ros2_control_demos/example_5) by extension 'colcon_meta'
[0.235s] Level 1:colcon.colcon_core.package_identification:_identify(src/ros2_control_demos/example_5) by extensions ['ros']
[0.235s] Level 1:colcon.colcon_core.package_identification:_identify(src/ros2_control_demos/example_5) by extension 'ros'
[0.236s] DEBUG:colcon.colcon_core.package_identification:Package 'src/ros2_control_demos/example_5' with type 'ros.ament_cmake' and name 'ros2_control_demo_example_5'
[0.236s] Level 1:colcon.colcon_core.package_identification:_identify(src/ros2_control_demos/example_6) by extensions ['ignore', 'ignore_ament_install']
[0.236s] Level 1:colcon.colcon_core.package_identification:_identify(src/ros2_control_demos/example_6) by extension 'ignore'
[0.236s] Level 1:colcon.colcon_core.package_identification:_identify(src/ros2_control_demos/example_6) by extension 'ignore_ament_install'
[0.236s] Level 1:colcon.colcon_core.package_identification:_identify(src/ros2_control_demos/example_6) by extensions ['colcon_pkg']
[0.236s] Level 1:colcon.colcon_core.package_identification:_identify(src/ros2_control_demos/example_6) by extension 'colcon_pkg'
[0.236s] Level 1:colcon.colcon_core.package_identification:_identify(src/ros2_control_demos/example_6) by extensions ['colcon_meta']
[0.236s] Level 1:colcon.colcon_core.package_identification:_identify(src/ros2_control_demos/example_6) by extension 'colcon_meta'
[0.236s] Level 1:colcon.colcon_core.package_identification:_identify(src/ros2_control_demos/example_6) by extensions ['ros']
[0.236s] Level 1:colcon.colcon_core.package_identification:_identify(src/ros2_control_demos/example_6) by extension 'ros'
[0.237s] DEBUG:colcon.colcon_core.package_identification:Package 'src/ros2_control_demos/example_6' with type 'ros.ament_cmake' and name 'ros2_control_demo_example_6'
[0.237s] Level 1:colcon.colcon_core.package_identification:_identify(src/ros2_control_demos/example_7) by extensions ['ignore', 'ignore_ament_install']
[0.237s] Level 1:colcon.colcon_core.package_identification:_identify(src/ros2_control_demos/example_7) by extension 'ignore'
[0.237s] Level 1:colcon.colcon_core.package_identification:_identify(src/ros2_control_demos/example_7) by extension 'ignore_ament_install'
[0.237s] Level 1:colcon.colcon_core.package_identification:_identify(src/ros2_control_demos/example_7) by extensions ['colcon_pkg']
[0.237s] Level 1:colcon.colcon_core.package_identification:_identify(src/ros2_control_demos/example_7) by extension 'colcon_pkg'
[0.237s] Level 1:colcon.colcon_core.package_identification:_identify(src/ros2_control_demos/example_7) by extensions ['colcon_meta']
[0.237s] Level 1:colcon.colcon_core.package_identification:_identify(src/ros2_control_demos/example_7) by extension 'colcon_meta'
[0.237s] Level 1:colcon.colcon_core.package_identification:_identify(src/ros2_control_demos/example_7) by extensions ['ros']
[0.237s] Level 1:colcon.colcon_core.package_identification:_identify(src/ros2_control_demos/example_7) by extension 'ros'
[0.238s] DEBUG:colcon.colcon_core.package_identification:Package 'src/ros2_control_demos/example_7' with type 'ros.ament_cmake' and name 'ros2_control_demo_example_7'
[0.238s] Level 1:colcon.colcon_core.package_identification:_identify(src/ros2_control_demos/example_8) by extensions ['ignore', 'ignore_ament_install']
[0.238s] Level 1:colcon.colcon_core.package_identification:_identify(src/ros2_control_demos/example_8) by extension 'ignore'
[0.238s] Level 1:colcon.colcon_core.package_identification:_identify(src/ros2_control_demos/example_8) by extension 'ignore_ament_install'
[0.238s] Level 1:colcon.colcon_core.package_identification:_identify(src/ros2_control_demos/example_8) by extensions ['colcon_pkg']
[0.238s] Level 1:colcon.colcon_core.package_identification:_identify(src/ros2_control_demos/example_8) by extension 'colcon_pkg'
[0.238s] Level 1:colcon.colcon_core.package_identification:_identify(src/ros2_control_demos/example_8) by extensions ['colcon_meta']
[0.238s] Level 1:colcon.colcon_core.package_identification:_identify(src/ros2_control_demos/example_8) by extension 'colcon_meta'
[0.238s] Level 1:colcon.colcon_core.package_identification:_identify(src/ros2_control_demos/example_8) by extensions ['ros']
[0.238s] Level 1:colcon.colcon_core.package_identification:_identify(src/ros2_control_demos/example_8) by extension 'ros'
[0.239s] DEBUG:colcon.colcon_core.package_identification:Package 'src/ros2_control_demos/example_8' with type 'ros.ament_cmake' and name 'ros2_control_demo_example_8'
[0.239s] Level 1:colcon.colcon_core.package_identification:_identify(src/ros2_control_demos/example_9) by extensions ['ignore', 'ignore_ament_install']
[0.239s] Level 1:colcon.colcon_core.package_identification:_identify(src/ros2_control_demos/example_9) by extension 'ignore'
[0.239s] Level 1:colcon.colcon_core.package_identification:_identify(src/ros2_control_demos/example_9) by extension 'ignore_ament_install'
[0.239s] Level 1:colcon.colcon_core.package_identification:_identify(src/ros2_control_demos/example_9) by extensions ['colcon_pkg']
[0.239s] Level 1:colcon.colcon_core.package_identification:_identify(src/ros2_control_demos/example_9) by extension 'colcon_pkg'
[0.239s] Level 1:colcon.colcon_core.package_identification:_identify(src/ros2_control_demos/example_9) by extensions ['colcon_meta']
[0.239s] Level 1:colcon.colcon_core.package_identification:_identify(src/ros2_control_demos/example_9) by extension 'colcon_meta'
[0.239s] Level 1:colcon.colcon_core.package_identification:_identify(src/ros2_control_demos/example_9) by extensions ['ros']
[0.239s] Level 1:colcon.colcon_core.package_identification:_identify(src/ros2_control_demos/example_9) by extension 'ros'
[0.240s] DEBUG:colcon.colcon_core.package_identification:Package 'src/ros2_control_demos/example_9' with type 'ros.ament_cmake' and name 'ros2_control_demo_example_9'
[0.240s] Level 1:colcon.colcon_core.package_identification:_identify(src/ros2_control_demos/ros2_control_demo_description) by extensions ['ignore', 'ignore_ament_install']
[0.240s] Level 1:colcon.colcon_core.package_identification:_identify(src/ros2_control_demos/ros2_control_demo_description) by extension 'ignore'
[0.240s] Level 1:colcon.colcon_core.package_identification:_identify(src/ros2_control_demos/ros2_control_demo_description) by extension 'ignore_ament_install'
[0.240s] Level 1:colcon.colcon_core.package_identification:_identify(src/ros2_control_demos/ros2_control_demo_description) by extensions ['colcon_pkg']
[0.240s] Level 1:colcon.colcon_core.package_identification:_identify(src/ros2_control_demos/ros2_control_demo_description) by extension 'colcon_pkg'
[0.240s] Level 1:colcon.colcon_core.package_identification:_identify(src/ros2_control_demos/ros2_control_demo_description) by extensions ['colcon_meta']
[0.240s] Level 1:colcon.colcon_core.package_identification:_identify(src/ros2_control_demos/ros2_control_demo_description) by extension 'colcon_meta'
[0.240s] Level 1:colcon.colcon_core.package_identification:_identify(src/ros2_control_demos/ros2_control_demo_description) by extensions ['ros']
[0.240s] Level 1:colcon.colcon_core.package_identification:_identify(src/ros2_control_demos/ros2_control_demo_description) by extension 'ros'
[0.240s] DEBUG:colcon.colcon_core.package_identification:Package 'src/ros2_control_demos/ros2_control_demo_description' with type 'ros.ament_cmake' and name 'ros2_control_demo_description'
[0.240s] Level 1:colcon.colcon_core.package_identification:_identify(src/ros2_control_demos/ros2_control_demos) by extensions ['ignore', 'ignore_ament_install']
[0.240s] Level 1:colcon.colcon_core.package_identification:_identify(src/ros2_control_demos/ros2_control_demos) by extension 'ignore'
[0.240s] Level 1:colcon.colcon_core.package_identification:_identify(src/ros2_control_demos/ros2_control_demos) by extension 'ignore_ament_install'
[0.240s] Level 1:colcon.colcon_core.package_identification:_identify(src/ros2_control_demos/ros2_control_demos) by extensions ['colcon_pkg']
[0.240s] Level 1:colcon.colcon_core.package_identification:_identify(src/ros2_control_demos/ros2_control_demos) by extension 'colcon_pkg'
[0.240s] Level 1:colcon.colcon_core.package_identification:_identify(src/ros2_control_demos/ros2_control_demos) by extensions ['colcon_meta']
[0.240s] Level 1:colcon.colcon_core.package_identification:_identify(src/ros2_control_demos/ros2_control_demos) by extension 'colcon_meta'
[0.240s] Level 1:colcon.colcon_core.package_identification:_identify(src/ros2_control_demos/ros2_control_demos) by extensions ['ros']
[0.240s] Level 1:colcon.colcon_core.package_identification:_identify(src/ros2_control_demos/ros2_control_demos) by extension 'ros'
[0.241s] DEBUG:colcon.colcon_core.package_identification:Package 'src/ros2_control_demos/ros2_control_demos' with type 'ros.ament_cmake' and name 'ros2_control_demos'
[0.241s] Level 1:colcon.colcon_core.package_discovery:discover_packages(recursive) using defaults
[0.241s] Level 1:colcon.colcon_core.package_discovery:discover_packages(ignore) discover
[0.241s] Level 1:colcon.colcon_core.package_discovery:discover_packages(ignore) using defaults
[0.241s] Level 1:colcon.colcon_core.package_discovery:discover_packages(path) discover
[0.241s] Level 1:colcon.colcon_core.package_discovery:discover_packages(path) using defaults
[0.260s] Level 1:colcon.colcon_core.package_discovery:discover_packages(prefix_path) check parameters
[0.260s] Level 1:colcon.colcon_core.package_discovery:discover_packages(prefix_path) discover
[0.261s] WARNING:colcon.colcon_ros.prefix_path.ament:The path '/home/bars/icarus_ws/install/ros2_control_demos' in the environment variable AMENT_PREFIX_PATH doesn't exist
[0.261s] WARNING:colcon.colcon_ros.prefix_path.ament:The path '/home/bars/icarus_ws/install/ros2_control_demo_example_9' in the environment variable AMENT_PREFIX_PATH doesn't exist
[0.261s] WARNING:colcon.colcon_ros.prefix_path.ament:The path '/home/bars/icarus_ws/install/ros2_control_demo_example_8' in the environment variable AMENT_PREFIX_PATH doesn't exist
[0.261s] WARNING:colcon.colcon_ros.prefix_path.ament:The path '/home/bars/icarus_ws/install/ros2_control_demo_example_7' in the environment variable AMENT_PREFIX_PATH doesn't exist
[0.261s] WARNING:colcon.colcon_ros.prefix_path.ament:The path '/home/bars/icarus_ws/install/ros2_control_demo_example_6' in the environment variable AMENT_PREFIX_PATH doesn't exist
[0.261s] WARNING:colcon.colcon_ros.prefix_path.ament:The path '/home/bars/icarus_ws/install/ros2_control_demo_example_15' in the environment variable AMENT_PREFIX_PATH doesn't exist
[0.261s] WARNING:colcon.colcon_ros.prefix_path.ament:The path '/home/bars/icarus_ws/install/ros2_control_demo_example_13' in the environment variable AMENT_PREFIX_PATH doesn't exist
[0.261s] WARNING:colcon.colcon_ros.prefix_path.ament:The path '/home/bars/icarus_ws/install/ros2_control_demo_example_5' in the environment variable AMENT_PREFIX_PATH doesn't exist
[0.261s] WARNING:colcon.colcon_ros.prefix_path.ament:The path '/home/bars/icarus_ws/install/ros2_control_demo_example_4' in the environment variable AMENT_PREFIX_PATH doesn't exist
[0.261s] WARNING:colcon.colcon_ros.prefix_path.ament:The path '/home/bars/icarus_ws/install/ros2_control_demo_example_3' in the environment variable AMENT_PREFIX_PATH doesn't exist
[0.261s] WARNING:colcon.colcon_ros.prefix_path.ament:The path '/home/bars/icarus_ws/install/ros2_control_demo_example_2' in the environment variable AMENT_PREFIX_PATH doesn't exist
[0.261s] WARNING:colcon.colcon_ros.prefix_path.ament:The path '/home/bars/icarus_ws/install/ros2_control_demo_example_14' in the environment variable AMENT_PREFIX_PATH doesn't exist
[0.261s] WARNING:colcon.colcon_ros.prefix_path.ament:The path '/home/bars/icarus_ws/install/ros2_control_demo_example_12' in the environment variable AMENT_PREFIX_PATH doesn't exist
[0.261s] WARNING:colcon.colcon_ros.prefix_path.ament:The path '/home/bars/icarus_ws/install/ros2_control_demo_example_11' in the environment variable AMENT_PREFIX_PATH doesn't exist
[0.261s] WARNING:colcon.colcon_ros.prefix_path.ament:The path '/home/bars/icarus_ws/install/ros2_control_demo_example_10' in the environment variable AMENT_PREFIX_PATH doesn't exist
[0.261s] WARNING:colcon.colcon_ros.prefix_path.ament:The path '/home/bars/icarus_ws/install/ros2_control_demo_example_1' in the environment variable AMENT_PREFIX_PATH doesn't exist
[0.261s] WARNING:colcon.colcon_ros.prefix_path.ament:The path '/home/bars/icarus_ws/install/ros2_control_demo_description' in the environment variable AMENT_PREFIX_PATH doesn't exist
[0.261s] WARNING:colcon.colcon_ros.prefix_path.catkin:The path '/home/bars/icarus_ws/install/ros2_control_demos' in the environment variable CMAKE_PREFIX_PATH doesn't exist
[0.261s] WARNING:colcon.colcon_ros.prefix_path.catkin:The path '/home/bars/icarus_ws/install/ros2_control_demo_example_9' in the environment variable CMAKE_PREFIX_PATH doesn't exist
[0.261s] WARNING:colcon.colcon_ros.prefix_path.catkin:The path '/home/bars/icarus_ws/install/ros2_control_demo_example_8' in the environment variable CMAKE_PREFIX_PATH doesn't exist
[0.261s] WARNING:colcon.colcon_ros.prefix_path.catkin:The path '/home/bars/icarus_ws/install/ros2_control_demo_example_7' in the environment variable CMAKE_PREFIX_PATH doesn't exist
[0.261s] WARNING:colcon.colcon_ros.prefix_path.catkin:The path '/home/bars/icarus_ws/install/ros2_control_demo_example_6' in the environment variable CMAKE_PREFIX_PATH doesn't exist
[0.261s] WARNING:colcon.colcon_ros.prefix_path.catkin:The path '/home/bars/icarus_ws/install/ros2_control_demo_example_15' in the environment variable CMAKE_PREFIX_PATH doesn't exist
[0.261s] WARNING:colcon.colcon_ros.prefix_path.catkin:The path '/home/bars/icarus_ws/install/ros2_control_demo_example_13' in the environment variable CMAKE_PREFIX_PATH doesn't exist
[0.261s] WARNING:colcon.colcon_ros.prefix_path.catkin:The path '/home/bars/icarus_ws/install/ros2_control_demo_example_5' in the environment variable CMAKE_PREFIX_PATH doesn't exist
[0.261s] WARNING:colcon.colcon_ros.prefix_path.catkin:The path '/home/bars/icarus_ws/install/ros2_control_demo_example_4' in the environment variable CMAKE_PREFIX_PATH doesn't exist
[0.261s] WARNING:colcon.colcon_ros.prefix_path.catkin:The path '/home/bars/icarus_ws/install/ros2_control_demo_example_3' in the environment variable CMAKE_PREFIX_PATH doesn't exist
[0.261s] WARNING:colcon.colcon_ros.prefix_path.catkin:The path '/home/bars/icarus_ws/install/ros2_control_demo_example_2' in the environment variable CMAKE_PREFIX_PATH doesn't exist
[0.261s] WARNING:colcon.colcon_ros.prefix_path.catkin:The path '/home/bars/icarus_ws/install/ros2_control_demo_example_14' in the environment variable CMAKE_PREFIX_PATH doesn't exist
[0.261s] WARNING:colcon.colcon_ros.prefix_path.catkin:The path '/home/bars/icarus_ws/install/ros2_control_demo_example_12' in the environment variable CMAKE_PREFIX_PATH doesn't exist
[0.261s] WARNING:colcon.colcon_ros.prefix_path.catkin:The path '/home/bars/icarus_ws/install/ros2_control_demo_example_11' in the environment variable CMAKE_PREFIX_PATH doesn't exist
[0.261s] WARNING:colcon.colcon_ros.prefix_path.catkin:The path '/home/bars/icarus_ws/install/ros2_control_demo_example_10' in the environment variable CMAKE_PREFIX_PATH doesn't exist
[0.261s] WARNING:colcon.colcon_ros.prefix_path.catkin:The path '/home/bars/icarus_ws/install/ros2_control_demo_example_1' in the environment variable CMAKE_PREFIX_PATH doesn't exist
[0.261s] WARNING:colcon.colcon_ros.prefix_path.catkin:The path '/home/bars/icarus_ws/install/ros2_control_demo_description' in the environment variable CMAKE_PREFIX_PATH doesn't exist
[0.262s] DEBUG:colcon.colcon_installed_package_information.package_discovery:Found 0 installed packages in /home/bars/icarus_ws/install
[0.263s] DEBUG:colcon.colcon_installed_package_information.package_discovery:Found 437 installed packages in /opt/ros/humble
[0.264s] Level 1:colcon.colcon_core.package_discovery:discover_packages(prefix_path) using defaults
[0.291s] WARNING:colcon.colcon_core.package_selection:Some selected packages are already built in one or more underlay workspaces:
	'ur_description' is in: /opt/ros/humble
If a package in a merged underlay workspace is overridden and it installs headers, then all packages in the overlay must sort their include directories by workspace order. Failure to do so may result in build failures or undefined behavior at run time.
If the overridden package is used by another package in any underlay, then the overriding package in the overlay must be API and ABI compatible or undefined behavior at run time may occur.

If you understand the risks and want to override a package anyways, add the following to the command line:
	--allow-overriding ur_description

This may be promoted to an error in a future release of colcon-override-check.
[0.292s] Level 5:colcon.colcon_core.verb:set package 'ros2_control_demo_description' build argument 'cmake_args' from command line to 'None'
[0.292s] Level 5:colcon.colcon_core.verb:set package 'ros2_control_demo_description' build argument 'cmake_target' from command line to 'None'
[0.292s] Level 5:colcon.colcon_core.verb:set package 'ros2_control_demo_description' build argument 'cmake_target_skip_unavailable' from command line to 'False'
[0.292s] Level 5:colcon.colcon_core.verb:set package 'ros2_control_demo_description' build argument 'cmake_clean_cache' from command line to 'False'
[0.292s] Level 5:colcon.colcon_core.verb:set package 'ros2_control_demo_description' build argument 'cmake_clean_first' from command line to 'False'
[0.292s] Level 5:colcon.colcon_core.verb:set package 'ros2_control_demo_description' build argument 'cmake_force_configure' from command line to 'False'
[0.292s] Level 5:colcon.colcon_core.verb:set package 'ros2_control_demo_description' build argument 'ament_cmake_args' from command line to 'None'
[0.292s] Level 5:colcon.colcon_core.verb:set package 'ros2_control_demo_description' build argument 'catkin_cmake_args' from command line to 'None'
[0.292s] Level 5:colcon.colcon_core.verb:set package 'ros2_control_demo_description' build argument 'catkin_skip_building_tests' from command line to 'False'
[0.292s] DEBUG:colcon.colcon_core.verb:Building package 'ros2_control_demo_description' with the following arguments: {'ament_cmake_args': None, 'build_base': '/home/bars/icarus_ws/build/ros2_control_demo_description', 'catkin_cmake_args': None, 'catkin_skip_building_tests': False, 'cmake_args': None, 'cmake_clean_cache': False, 'cmake_clean_first': False, 'cmake_force_configure': False, 'cmake_target': None, 'cmake_target_skip_unavailable': False, 'install_base': '/home/bars/icarus_ws/install/ros2_control_demo_description', 'merge_install': False, 'path': '/home/bars/icarus_ws/src/ros2_control_demos/ros2_control_demo_description', 'symlink_install': True, 'test_result_base': None}
[0.292s] Level 5:colcon.colcon_core.verb:set package 'ur_description' build argument 'cmake_args' from command line to 'None'
[0.292s] Level 5:colcon.colcon_core.verb:set package 'ur_description' build argument 'cmake_target' from command line to 'None'
[0.292s] Level 5:colcon.colcon_core.verb:set package 'ur_description' build argument 'cmake_target_skip_unavailable' from command line to 'False'
[0.292s] Level 5:colcon.colcon_core.verb:set package 'ur_description' build argument 'cmake_clean_cache' from command line to 'False'
[0.292s] Level 5:colcon.colcon_core.verb:set package 'ur_description' build argument 'cmake_clean_first' from command line to 'False'
[0.292s] Level 5:colcon.colcon_core.verb:set package 'ur_description' build argument 'cmake_force_configure' from command line to 'False'
[0.292s] Level 5:colcon.colcon_core.verb:set package 'ur_description' build argument 'ament_cmake_args' from command line to 'None'
[0.292s] Level 5:colcon.colcon_core.verb:set package 'ur_description' build argument 'catkin_cmake_args' from command line to 'None'
[0.292s] Level 5:colcon.colcon_core.verb:set package 'ur_description' build argument 'catkin_skip_building_tests' from command line to 'False'
[0.292s] DEBUG:colcon.colcon_core.verb:Building package 'ur_description' with the following arguments: {'ament_cmake_args': None, 'build_base': '/home/bars/icarus_ws/build/ur_description', 'catkin_cmake_args': None, 'catkin_skip_building_tests': False, 'cmake_args': None, 'cmake_clean_cache': False, 'cmake_clean_first': False, 'cmake_force_configure': False, 'cmake_target': None, 'cmake_target_skip_unavailable': False, 'install_base': '/home/bars/icarus_ws/install/ur_description', 'merge_install': False, 'path': '/home/bars/icarus_ws/src/Universal_Robots_ROS2_Description', 'symlink_install': True, 'test_result_base': None}
[0.292s] Level 5:colcon.colcon_core.verb:set package 'ros2_control_demo_example_1' build argument 'cmake_args' from command line to 'None'
[0.292s] Level 5:colcon.colcon_core.verb:set package 'ros2_control_demo_example_1' build argument 'cmake_target' from command line to 'None'
[0.292s] Level 5:colcon.colcon_core.verb:set package 'ros2_control_demo_example_1' build argument 'cmake_target_skip_unavailable' from command line to 'False'
[0.292s] Level 5:colcon.colcon_core.verb:set package 'ros2_control_demo_example_1' build argument 'cmake_clean_cache' from command line to 'False'
[0.292s] Level 5:colcon.colcon_core.verb:set package 'ros2_control_demo_example_1' build argument 'cmake_clean_first' from command line to 'False'
[0.292s] Level 5:colcon.colcon_core.verb:set package 'ros2_control_demo_example_1' build argument 'cmake_force_configure' from command line to 'False'
[0.292s] Level 5:colcon.colcon_core.verb:set package 'ros2_control_demo_example_1' build argument 'ament_cmake_args' from command line to 'None'
[0.292s] Level 5:colcon.colcon_core.verb:set package 'ros2_control_demo_example_1' build argument 'catkin_cmake_args' from command line to 'None'
[0.292s] Level 5:colcon.colcon_core.verb:set package 'ros2_control_demo_example_1' build argument 'catkin_skip_building_tests' from command line to 'False'
[0.292s] DEBUG:colcon.colcon_core.verb:Building package 'ros2_control_demo_example_1' with the following arguments: {'ament_cmake_args': None, 'build_base': '/home/bars/icarus_ws/build/ros2_control_demo_example_1', 'catkin_cmake_args': None, 'catkin_skip_building_tests': False, 'cmake_args': None, 'cmake_clean_cache': False, 'cmake_clean_first': False, 'cmake_force_configure': False, 'cmake_target': None, 'cmake_target_skip_unavailable': False, 'install_base': '/home/bars/icarus_ws/install/ros2_control_demo_example_1', 'merge_install': False, 'path': '/home/bars/icarus_ws/src/ros2_control_demos/example_1', 'symlink_install': True, 'test_result_base': None}
[0.293s] Level 5:colcon.colcon_core.verb:set package 'ros2_control_demo_example_10' build argument 'cmake_args' from command line to 'None'
[0.293s] Level 5:colcon.colcon_core.verb:set package 'ros2_control_demo_example_10' build argument 'cmake_target' from command line to 'None'
[0.293s] Level 5:colcon.colcon_core.verb:set package 'ros2_control_demo_example_10' build argument 'cmake_target_skip_unavailable' from command line to 'False'
[0.293s] Level 5:colcon.colcon_core.verb:set package 'ros2_control_demo_example_10' build argument 'cmake_clean_cache' from command line to 'False'
[0.293s] Level 5:colcon.colcon_core.verb:set package 'ros2_control_demo_example_10' build argument 'cmake_clean_first' from command line to 'False'
[0.293s] Level 5:colcon.colcon_core.verb:set package 'ros2_control_demo_example_10' build argument 'cmake_force_configure' from command line to 'False'
[0.293s] Level 5:colcon.colcon_core.verb:set package 'ros2_control_demo_example_10' build argument 'ament_cmake_args' from command line to 'None'
[0.293s] Level 5:colcon.colcon_core.verb:set package 'ros2_control_demo_example_10' build argument 'catkin_cmake_args' from command line to 'None'
[0.293s] Level 5:colcon.colcon_core.verb:set package 'ros2_control_demo_example_10' build argument 'catkin_skip_building_tests' from command line to 'False'
[0.293s] DEBUG:colcon.colcon_core.verb:Building package 'ros2_control_demo_example_10' with the following arguments: {'ament_cmake_args': None, 'build_base': '/home/bars/icarus_ws/build/ros2_control_demo_example_10', 'catkin_cmake_args': None, 'catkin_skip_building_tests': False, 'cmake_args': None, 'cmake_clean_cache': False, 'cmake_clean_first': False, 'cmake_force_configure': False, 'cmake_target': None, 'cmake_target_skip_unavailable': False, 'install_base': '/home/bars/icarus_ws/install/ros2_control_demo_example_10', 'merge_install': False, 'path': '/home/bars/icarus_ws/src/ros2_control_demos/example_10', 'symlink_install': True, 'test_result_base': None}
[0.293s] Level 5:colcon.colcon_core.verb:set package 'ros2_control_demo_example_11' build argument 'cmake_args' from command line to 'None'
[0.293s] Level 5:colcon.colcon_core.verb:set package 'ros2_control_demo_example_11' build argument 'cmake_target' from command line to 'None'
[0.293s] Level 5:colcon.colcon_core.verb:set package 'ros2_control_demo_example_11' build argument 'cmake_target_skip_unavailable' from command line to 'False'
[0.293s] Level 5:colcon.colcon_core.verb:set package 'ros2_control_demo_example_11' build argument 'cmake_clean_cache' from command line to 'False'
[0.293s] Level 5:colcon.colcon_core.verb:set package 'ros2_control_demo_example_11' build argument 'cmake_clean_first' from command line to 'False'
[0.293s] Level 5:colcon.colcon_core.verb:set package 'ros2_control_demo_example_11' build argument 'cmake_force_configure' from command line to 'False'
[0.293s] Level 5:colcon.colcon_core.verb:set package 'ros2_control_demo_example_11' build argument 'ament_cmake_args' from command line to 'None'
[0.293s] Level 5:colcon.colcon_core.verb:set package 'ros2_control_demo_example_11' build argument 'catkin_cmake_args' from command line to 'None'
[0.293s] Level 5:colcon.colcon_core.verb:set package 'ros2_control_demo_example_11' build argument 'catkin_skip_building_tests' from command line to 'False'
[0.293s] DEBUG:colcon.colcon_core.verb:Building package 'ros2_control_demo_example_11' with the following arguments: {'ament_cmake_args': None, 'build_base': '/home/bars/icarus_ws/build/ros2_control_demo_example_11', 'catkin_cmake_args': None, 'catkin_skip_building_tests': False, 'cmake_args': None, 'cmake_clean_cache': False, 'cmake_clean_first': False, 'cmake_force_configure': False, 'cmake_target': None, 'cmake_target_skip_unavailable': False, 'install_base': '/home/bars/icarus_ws/install/ros2_control_demo_example_11', 'merge_install': False, 'path': '/home/bars/icarus_ws/src/ros2_control_demos/example_11', 'symlink_install': True, 'test_result_base': None}
[0.293s] Level 5:colcon.colcon_core.verb:set package 'ros2_control_demo_example_12' build argument 'cmake_args' from command line to 'None'
[0.293s] Level 5:colcon.colcon_core.verb:set package 'ros2_control_demo_example_12' build argument 'cmake_target' from command line to 'None'
[0.293s] Level 5:colcon.colcon_core.verb:set package 'ros2_control_demo_example_12' build argument 'cmake_target_skip_unavailable' from command line to 'False'
[0.293s] Level 5:colcon.colcon_core.verb:set package 'ros2_control_demo_example_12' build argument 'cmake_clean_cache' from command line to 'False'
[0.293s] Level 5:colcon.colcon_core.verb:set package 'ros2_control_demo_example_12' build argument 'cmake_clean_first' from command line to 'False'
[0.293s] Level 5:colcon.colcon_core.verb:set package 'ros2_control_demo_example_12' build argument 'cmake_force_configure' from command line to 'False'
[0.293s] Level 5:colcon.colcon_core.verb:set package 'ros2_control_demo_example_12' build argument 'ament_cmake_args' from command line to 'None'
[0.293s] Level 5:colcon.colcon_core.verb:set package 'ros2_control_demo_example_12' build argument 'catkin_cmake_args' from command line to 'None'
[0.293s] Level 5:colcon.colcon_core.verb:set package 'ros2_control_demo_example_12' build argument 'catkin_skip_building_tests' from command line to 'False'
[0.293s] DEBUG:colcon.colcon_core.verb:Building package 'ros2_control_demo_example_12' with the following arguments: {'ament_cmake_args': None, 'build_base': '/home/bars/icarus_ws/build/ros2_control_demo_example_12', 'catkin_cmake_args': None, 'catkin_skip_building_tests': False, 'cmake_args': None, 'cmake_clean_cache': False, 'cmake_clean_first': False, 'cmake_force_configure': False, 'cmake_target': None, 'cmake_target_skip_unavailable': False, 'install_base': '/home/bars/icarus_ws/install/ros2_control_demo_example_12', 'merge_install': False, 'path': '/home/bars/icarus_ws/src/ros2_control_demos/example_12', 'symlink_install': True, 'test_result_base': None}
[0.293s] Level 5:colcon.colcon_core.verb:set package 'ros2_control_demo_example_14' build argument 'cmake_args' from command line to 'None'
[0.293s] Level 5:colcon.colcon_core.verb:set package 'ros2_control_demo_example_14' build argument 'cmake_target' from command line to 'None'
[0.293s] Level 5:colcon.colcon_core.verb:set package 'ros2_control_demo_example_14' build argument 'cmake_target_skip_unavailable' from command line to 'False'
[0.293s] Level 5:colcon.colcon_core.verb:set package 'ros2_control_demo_example_14' build argument 'cmake_clean_cache' from command line to 'False'
[0.293s] Level 5:colcon.colcon_core.verb:set package 'ros2_control_demo_example_14' build argument 'cmake_clean_first' from command line to 'False'
[0.293s] Level 5:colcon.colcon_core.verb:set package 'ros2_control_demo_example_14' build argument 'cmake_force_configure' from command line to 'False'
[0.293s] Level 5:colcon.colcon_core.verb:set package 'ros2_control_demo_example_14' build argument 'ament_cmake_args' from command line to 'None'
[0.294s] Level 5:colcon.colcon_core.verb:set package 'ros2_control_demo_example_14' build argument 'catkin_cmake_args' from command line to 'None'
[0.294s] Level 5:colcon.colcon_core.verb:set package 'ros2_control_demo_example_14' build argument 'catkin_skip_building_tests' from command line to 'False'
[0.294s] DEBUG:colcon.colcon_core.verb:Building package 'ros2_control_demo_example_14' with the following arguments: {'ament_cmake_args': None, 'build_base': '/home/bars/icarus_ws/build/ros2_control_demo_example_14', 'catkin_cmake_args': None, 'catkin_skip_building_tests': False, 'cmake_args': None, 'cmake_clean_cache': False, 'cmake_clean_first': False, 'cmake_force_configure': False, 'cmake_target': None, 'cmake_target_skip_unavailable': False, 'install_base': '/home/bars/icarus_ws/install/ros2_control_demo_example_14', 'merge_install': False, 'path': '/home/bars/icarus_ws/src/ros2_control_demos/example_14', 'symlink_install': True, 'test_result_base': None}
[0.294s] Level 5:colcon.colcon_core.verb:set package 'ros2_control_demo_example_2' build argument 'cmake_args' from command line to 'None'
[0.294s] Level 5:colcon.colcon_core.verb:set package 'ros2_control_demo_example_2' build argument 'cmake_target' from command line to 'None'
[0.294s] Level 5:colcon.colcon_core.verb:set package 'ros2_control_demo_example_2' build argument 'cmake_target_skip_unavailable' from command line to 'False'
[0.294s] Level 5:colcon.colcon_core.verb:set package 'ros2_control_demo_example_2' build argument 'cmake_clean_cache' from command line to 'False'
[0.294s] Level 5:colcon.colcon_core.verb:set package 'ros2_control_demo_example_2' build argument 'cmake_clean_first' from command line to 'False'
[0.294s] Level 5:colcon.colcon_core.verb:set package 'ros2_control_demo_example_2' build argument 'cmake_force_configure' from command line to 'False'
[0.294s] Level 5:colcon.colcon_core.verb:set package 'ros2_control_demo_example_2' build argument 'ament_cmake_args' from command line to 'None'
[0.294s] Level 5:colcon.colcon_core.verb:set package 'ros2_control_demo_example_2' build argument 'catkin_cmake_args' from command line to 'None'
[0.294s] Level 5:colcon.colcon_core.verb:set package 'ros2_control_demo_example_2' build argument 'catkin_skip_building_tests' from command line to 'False'
[0.294s] DEBUG:colcon.colcon_core.verb:Building package 'ros2_control_demo_example_2' with the following arguments: {'ament_cmake_args': None, 'build_base': '/home/bars/icarus_ws/build/ros2_control_demo_example_2', 'catkin_cmake_args': None, 'catkin_skip_building_tests': False, 'cmake_args': None, 'cmake_clean_cache': False, 'cmake_clean_first': False, 'cmake_force_configure': False, 'cmake_target': None, 'cmake_target_skip_unavailable': False, 'install_base': '/home/bars/icarus_ws/install/ros2_control_demo_example_2', 'merge_install': False, 'path': '/home/bars/icarus_ws/src/ros2_control_demos/example_2', 'symlink_install': True, 'test_result_base': None}
[0.294s] Level 5:colcon.colcon_core.verb:set package 'ros2_control_demo_example_3' build argument 'cmake_args' from command line to 'None'
[0.294s] Level 5:colcon.colcon_core.verb:set package 'ros2_control_demo_example_3' build argument 'cmake_target' from command line to 'None'
[0.294s] Level 5:colcon.colcon_core.verb:set package 'ros2_control_demo_example_3' build argument 'cmake_target_skip_unavailable' from command line to 'False'
[0.294s] Level 5:colcon.colcon_core.verb:set package 'ros2_control_demo_example_3' build argument 'cmake_clean_cache' from command line to 'False'
[0.294s] Level 5:colcon.colcon_core.verb:set package 'ros2_control_demo_example_3' build argument 'cmake_clean_first' from command line to 'False'
[0.294s] Level 5:colcon.colcon_core.verb:set package 'ros2_control_demo_example_3' build argument 'cmake_force_configure' from command line to 'False'
[0.294s] Level 5:colcon.colcon_core.verb:set package 'ros2_control_demo_example_3' build argument 'ament_cmake_args' from command line to 'None'
[0.294s] Level 5:colcon.colcon_core.verb:set package 'ros2_control_demo_example_3' build argument 'catkin_cmake_args' from command line to 'None'
[0.294s] Level 5:colcon.colcon_core.verb:set package 'ros2_control_demo_example_3' build argument 'catkin_skip_building_tests' from command line to 'False'
[0.294s] DEBUG:colcon.colcon_core.verb:Building package 'ros2_control_demo_example_3' with the following arguments: {'ament_cmake_args': None, 'build_base': '/home/bars/icarus_ws/build/ros2_control_demo_example_3', 'catkin_cmake_args': None, 'catkin_skip_building_tests': False, 'cmake_args': None, 'cmake_clean_cache': False, 'cmake_clean_first': False, 'cmake_force_configure': False, 'cmake_target': None, 'cmake_target_skip_unavailable': False, 'install_base': '/home/bars/icarus_ws/install/ros2_control_demo_example_3', 'merge_install': False, 'path': '/home/bars/icarus_ws/src/ros2_control_demos/example_3', 'symlink_install': True, 'test_result_base': None}
[0.294s] Level 5:colcon.colcon_core.verb:set package 'ros2_control_demo_example_4' build argument 'cmake_args' from command line to 'None'
[0.294s] Level 5:colcon.colcon_core.verb:set package 'ros2_control_demo_example_4' build argument 'cmake_target' from command line to 'None'
[0.294s] Level 5:colcon.colcon_core.verb:set package 'ros2_control_demo_example_4' build argument 'cmake_target_skip_unavailable' from command line to 'False'
[0.294s] Level 5:colcon.colcon_core.verb:set package 'ros2_control_demo_example_4' build argument 'cmake_clean_cache' from command line to 'False'
[0.294s] Level 5:colcon.colcon_core.verb:set package 'ros2_control_demo_example_4' build argument 'cmake_clean_first' from command line to 'False'
[0.294s] Level 5:colcon.colcon_core.verb:set package 'ros2_control_demo_example_4' build argument 'cmake_force_configure' from command line to 'False'
[0.294s] Level 5:colcon.colcon_core.verb:set package 'ros2_control_demo_example_4' build argument 'ament_cmake_args' from command line to 'None'
[0.294s] Level 5:colcon.colcon_core.verb:set package 'ros2_control_demo_example_4' build argument 'catkin_cmake_args' from command line to 'None'
[0.294s] Level 5:colcon.colcon_core.verb:set package 'ros2_control_demo_example_4' build argument 'catkin_skip_building_tests' from command line to 'False'
[0.294s] DEBUG:colcon.colcon_core.verb:Building package 'ros2_control_demo_example_4' with the following arguments: {'ament_cmake_args': None, 'build_base': '/home/bars/icarus_ws/build/ros2_control_demo_example_4', 'catkin_cmake_args': None, 'catkin_skip_building_tests': False, 'cmake_args': None, 'cmake_clean_cache': False, 'cmake_clean_first': False, 'cmake_force_configure': False, 'cmake_target': None, 'cmake_target_skip_unavailable': False, 'install_base': '/home/bars/icarus_ws/install/ros2_control_demo_example_4', 'merge_install': False, 'path': '/home/bars/icarus_ws/src/ros2_control_demos/example_4', 'symlink_install': True, 'test_result_base': None}
[0.295s] Level 5:colcon.colcon_core.verb:set package 'ros2_control_demo_example_5' build argument 'cmake_args' from command line to 'None'
[0.295s] Level 5:colcon.colcon_core.verb:set package 'ros2_control_demo_example_5' build argument 'cmake_target' from command line to 'None'
[0.295s] Level 5:colcon.colcon_core.verb:set package 'ros2_control_demo_example_5' build argument 'cmake_target_skip_unavailable' from command line to 'False'
[0.295s] Level 5:colcon.colcon_core.verb:set package 'ros2_control_demo_example_5' build argument 'cmake_clean_cache' from command line to 'False'
[0.295s] Level 5:colcon.colcon_core.verb:set package 'ros2_control_demo_example_5' build argument 'cmake_clean_first' from command line to 'False'
[0.295s] Level 5:colcon.colcon_core.verb:set package 'ros2_control_demo_example_5' build argument 'cmake_force_configure' from command line to 'False'
[0.295s] Level 5:colcon.colcon_core.verb:set package 'ros2_control_demo_example_5' build argument 'ament_cmake_args' from command line to 'None'
[0.295s] Level 5:colcon.colcon_core.verb:set package 'ros2_control_demo_example_5' build argument 'catkin_cmake_args' from command line to 'None'
[0.295s] Level 5:colcon.colcon_core.verb:set package 'ros2_control_demo_example_5' build argument 'catkin_skip_building_tests' from command line to 'False'
[0.295s] DEBUG:colcon.colcon_core.verb:Building package 'ros2_control_demo_example_5' with the following arguments: {'ament_cmake_args': None, 'build_base': '/home/bars/icarus_ws/build/ros2_control_demo_example_5', 'catkin_cmake_args': None, 'catkin_skip_building_tests': False, 'cmake_args': None, 'cmake_clean_cache': False, 'cmake_clean_first': False, 'cmake_force_configure': False, 'cmake_target': None, 'cmake_target_skip_unavailable': False, 'install_base': '/home/bars/icarus_ws/install/ros2_control_demo_example_5', 'merge_install': False, 'path': '/home/bars/icarus_ws/src/ros2_control_demos/example_5', 'symlink_install': True, 'test_result_base': None}
[0.295s] Level 5:colcon.colcon_core.verb:set package 'ros2_control_demo_example_6' build argument 'cmake_args' from command line to 'None'
[0.295s] Level 5:colcon.colcon_core.verb:set package 'ros2_control_demo_example_6' build argument 'cmake_target' from command line to 'None'
[0.295s] Level 5:colcon.colcon_core.verb:set package 'ros2_control_demo_example_6' build argument 'cmake_target_skip_unavailable' from command line to 'False'
[0.295s] Level 5:colcon.colcon_core.verb:set package 'ros2_control_demo_example_6' build argument 'cmake_clean_cache' from command line to 'False'
[0.295s] Level 5:colcon.colcon_core.verb:set package 'ros2_control_demo_example_6' build argument 'cmake_clean_first' from command line to 'False'
[0.295s] Level 5:colcon.colcon_core.verb:set package 'ros2_control_demo_example_6' build argument 'cmake_force_configure' from command line to 'False'
[0.295s] Level 5:colcon.colcon_core.verb:set package 'ros2_control_demo_example_6' build argument 'ament_cmake_args' from command line to 'None'
[0.295s] Level 5:colcon.colcon_core.verb:set package 'ros2_control_demo_example_6' build argument 'catkin_cmake_args' from command line to 'None'
[0.295s] Level 5:colcon.colcon_core.verb:set package 'ros2_control_demo_example_6' build argument 'catkin_skip_building_tests' from command line to 'False'
[0.295s] DEBUG:colcon.colcon_core.verb:Building package 'ros2_control_demo_example_6' with the following arguments: {'ament_cmake_args': None, 'build_base': '/home/bars/icarus_ws/build/ros2_control_demo_example_6', 'catkin_cmake_args': None, 'catkin_skip_building_tests': False, 'cmake_args': None, 'cmake_clean_cache': False, 'cmake_clean_first': False, 'cmake_force_configure': False, 'cmake_target': None, 'cmake_target_skip_unavailable': False, 'install_base': '/home/bars/icarus_ws/install/ros2_control_demo_example_6', 'merge_install': False, 'path': '/home/bars/icarus_ws/src/ros2_control_demos/example_6', 'symlink_install': True, 'test_result_base': None}
[0.295s] Level 5:colcon.colcon_core.verb:set package 'ros2_control_demo_example_7' build argument 'cmake_args' from command line to 'None'
[0.295s] Level 5:colcon.colcon_core.verb:set package 'ros2_control_demo_example_7' build argument 'cmake_target' from command line to 'None'
[0.295s] Level 5:colcon.colcon_core.verb:set package 'ros2_control_demo_example_7' build argument 'cmake_target_skip_unavailable' from command line to 'False'
[0.295s] Level 5:colcon.colcon_core.verb:set package 'ros2_control_demo_example_7' build argument 'cmake_clean_cache' from command line to 'False'
[0.295s] Level 5:colcon.colcon_core.verb:set package 'ros2_control_demo_example_7' build argument 'cmake_clean_first' from command line to 'False'
[0.295s] Level 5:colcon.colcon_core.verb:set package 'ros2_control_demo_example_7' build argument 'cmake_force_configure' from command line to 'False'
[0.295s] Level 5:colcon.colcon_core.verb:set package 'ros2_control_demo_example_7' build argument 'ament_cmake_args' from command line to 'None'
[0.295s] Level 5:colcon.colcon_core.verb:set package 'ros2_control_demo_example_7' build argument 'catkin_cmake_args' from command line to 'None'
[0.295s] Level 5:colcon.colcon_core.verb:set package 'ros2_control_demo_example_7' build argument 'catkin_skip_building_tests' from command line to 'False'
[0.295s] DEBUG:colcon.colcon_core.verb:Building package 'ros2_control_demo_example_7' with the following arguments: {'ament_cmake_args': None, 'build_base': '/home/bars/icarus_ws/build/ros2_control_demo_example_7', 'catkin_cmake_args': None, 'catkin_skip_building_tests': False, 'cmake_args': None, 'cmake_clean_cache': False, 'cmake_clean_first': False, 'cmake_force_configure': False, 'cmake_target': None, 'cmake_target_skip_unavailable': False, 'install_base': '/home/bars/icarus_ws/install/ros2_control_demo_example_7', 'merge_install': False, 'path': '/home/bars/icarus_ws/src/ros2_control_demos/example_7', 'symlink_install': True, 'test_result_base': None}
[0.295s] Level 5:colcon.colcon_core.verb:set package 'ros2_control_demo_example_8' build argument 'cmake_args' from command line to 'None'
[0.295s] Level 5:colcon.colcon_core.verb:set package 'ros2_control_demo_example_8' build argument 'cmake_target' from command line to 'None'
[0.295s] Level 5:colcon.colcon_core.verb:set package 'ros2_control_demo_example_8' build argument 'cmake_target_skip_unavailable' from command line to 'False'
[0.295s] Level 5:colcon.colcon_core.verb:set package 'ros2_control_demo_example_8' build argument 'cmake_clean_cache' from command line to 'False'
[0.295s] Level 5:colcon.colcon_core.verb:set package 'ros2_control_demo_example_8' build argument 'cmake_clean_first' from command line to 'False'
[0.295s] Level 5:colcon.colcon_core.verb:set package 'ros2_control_demo_example_8' build argument 'cmake_force_configure' from command line to 'False'
[0.295s] Level 5:colcon.colcon_core.verb:set package 'ros2_control_demo_example_8' build argument 'ament_cmake_args' from command line to 'None'
[0.295s] Level 5:colcon.colcon_core.verb:set package 'ros2_control_demo_example_8' build argument 'catkin_cmake_args' from command line to 'None'
[0.296s] Level 5:colcon.colcon_core.verb:set package 'ros2_control_demo_example_8' build argument 'catkin_skip_building_tests' from command line to 'False'
[0.296s] DEBUG:colcon.colcon_core.verb:Building package 'ros2_control_demo_example_8' with the following arguments: {'ament_cmake_args': None, 'build_base': '/home/bars/icarus_ws/build/ros2_control_demo_example_8', 'catkin_cmake_args': None, 'catkin_skip_building_tests': False, 'cmake_args': None, 'cmake_clean_cache': False, 'cmake_clean_first': False, 'cmake_force_configure': False, 'cmake_target': None, 'cmake_target_skip_unavailable': False, 'install_base': '/home/bars/icarus_ws/install/ros2_control_demo_example_8', 'merge_install': False, 'path': '/home/bars/icarus_ws/src/ros2_control_demos/example_8', 'symlink_install': True, 'test_result_base': None}
[0.296s] Level 5:colcon.colcon_core.verb:set package 'ros2_control_demo_example_9' build argument 'cmake_args' from command line to 'None'
[0.296s] Level 5:colcon.colcon_core.verb:set package 'ros2_control_demo_example_9' build argument 'cmake_target' from command line to 'None'
[0.296s] Level 5:colcon.colcon_core.verb:set package 'ros2_control_demo_example_9' build argument 'cmake_target_skip_unavailable' from command line to 'False'
[0.296s] Level 5:colcon.colcon_core.verb:set package 'ros2_control_demo_example_9' build argument 'cmake_clean_cache' from command line to 'False'
[0.296s] Level 5:colcon.colcon_core.verb:set package 'ros2_control_demo_example_9' build argument 'cmake_clean_first' from command line to 'False'
[0.296s] Level 5:colcon.colcon_core.verb:set package 'ros2_control_demo_example_9' build argument 'cmake_force_configure' from command line to 'False'
[0.296s] Level 5:colcon.colcon_core.verb:set package 'ros2_control_demo_example_9' build argument 'ament_cmake_args' from command line to 'None'
[0.296s] Level 5:colcon.colcon_core.verb:set package 'ros2_control_demo_example_9' build argument 'catkin_cmake_args' from command line to 'None'
[0.296s] Level 5:colcon.colcon_core.verb:set package 'ros2_control_demo_example_9' build argument 'catkin_skip_building_tests' from command line to 'False'
[0.296s] DEBUG:colcon.colcon_core.verb:Building package 'ros2_control_demo_example_9' with the following arguments: {'ament_cmake_args': None, 'build_base': '/home/bars/icarus_ws/build/ros2_control_demo_example_9', 'catkin_cmake_args': None, 'catkin_skip_building_tests': False, 'cmake_args': None, 'cmake_clean_cache': False, 'cmake_clean_first': False, 'cmake_force_configure': False, 'cmake_target': None, 'cmake_target_skip_unavailable': False, 'install_base': '/home/bars/icarus_ws/install/ros2_control_demo_example_9', 'merge_install': False, 'path': '/home/bars/icarus_ws/src/ros2_control_demos/example_9', 'symlink_install': True, 'test_result_base': None}
[0.296s] Level 5:colcon.colcon_core.verb:set package 'ur_simulation_gazebo' build argument 'cmake_args' from command line to 'None'
[0.296s] Level 5:colcon.colcon_core.verb:set package 'ur_simulation_gazebo' build argument 'cmake_target' from command line to 'None'
[0.296s] Level 5:colcon.colcon_core.verb:set package 'ur_simulation_gazebo' build argument 'cmake_target_skip_unavailable' from command line to 'False'
[0.296s] Level 5:colcon.colcon_core.verb:set package 'ur_simulation_gazebo' build argument 'cmake_clean_cache' from command line to 'False'
[0.296s] Level 5:colcon.colcon_core.verb:set package 'ur_simulation_gazebo' build argument 'cmake_clean_first' from command line to 'False'
[0.296s] Level 5:colcon.colcon_core.verb:set package 'ur_simulation_gazebo' build argument 'cmake_force_configure' from command line to 'False'
[0.296s] Level 5:colcon.colcon_core.verb:set package 'ur_simulation_gazebo' build argument 'ament_cmake_args' from command line to 'None'
[0.296s] Level 5:colcon.colcon_core.verb:set package 'ur_simulation_gazebo' build argument 'catkin_cmake_args' from command line to 'None'
[0.296s] Level 5:colcon.colcon_core.verb:set package 'ur_simulation_gazebo' build argument 'catkin_skip_building_tests' from command line to 'False'
[0.296s] DEBUG:colcon.colcon_core.verb:Building package 'ur_simulation_gazebo' with the following arguments: {'ament_cmake_args': None, 'build_base': '/home/bars/icarus_ws/build/ur_simulation_gazebo', 'catkin_cmake_args': None, 'catkin_skip_building_tests': False, 'cmake_args': None, 'cmake_clean_cache': False, 'cmake_clean_first': False, 'cmake_force_configure': False, 'cmake_target': None, 'cmake_target_skip_unavailable': False, 'install_base': '/home/bars/icarus_ws/install/ur_simulation_gazebo', 'merge_install': False, 'path': '/home/bars/icarus_ws/src/Universal_Robots_ROS2_Gazebo_Simulation/ur_simulation_gazebo', 'symlink_install': True, 'test_result_base': None}
[0.296s] Level 5:colcon.colcon_core.verb:set package 'ros2_control_demo_example_13' build argument 'cmake_args' from command line to 'None'
[0.296s] Level 5:colcon.colcon_core.verb:set package 'ros2_control_demo_example_13' build argument 'cmake_target' from command line to 'None'
[0.296s] Level 5:colcon.colcon_core.verb:set package 'ros2_control_demo_example_13' build argument 'cmake_target_skip_unavailable' from command line to 'False'
[0.296s] Level 5:colcon.colcon_core.verb:set package 'ros2_control_demo_example_13' build argument 'cmake_clean_cache' from command line to 'False'
[0.296s] Level 5:colcon.colcon_core.verb:set package 'ros2_control_demo_example_13' build argument 'cmake_clean_first' from command line to 'False'
[0.296s] Level 5:colcon.colcon_core.verb:set package 'ros2_control_demo_example_13' build argument 'cmake_force_configure' from command line to 'False'
[0.296s] Level 5:colcon.colcon_core.verb:set package 'ros2_control_demo_example_13' build argument 'ament_cmake_args' from command line to 'None'
[0.296s] Level 5:colcon.colcon_core.verb:set package 'ros2_control_demo_example_13' build argument 'catkin_cmake_args' from command line to 'None'
[0.296s] Level 5:colcon.colcon_core.verb:set package 'ros2_control_demo_example_13' build argument 'catkin_skip_building_tests' from command line to 'False'
[0.296s] DEBUG:colcon.colcon_core.verb:Building package 'ros2_control_demo_example_13' with the following arguments: {'ament_cmake_args': None, 'build_base': '/home/bars/icarus_ws/build/ros2_control_demo_example_13', 'catkin_cmake_args': None, 'catkin_skip_building_tests': False, 'cmake_args': None, 'cmake_clean_cache': False, 'cmake_clean_first': False, 'cmake_force_configure': False, 'cmake_target': None, 'cmake_target_skip_unavailable': False, 'install_base': '/home/bars/icarus_ws/install/ros2_control_demo_example_13', 'merge_install': False, 'path': '/home/bars/icarus_ws/src/ros2_control_demos/example_13', 'symlink_install': True, 'test_result_base': None}
[0.297s] Level 5:colcon.colcon_core.verb:set package 'ros2_control_demo_example_15' build argument 'cmake_args' from command line to 'None'
[0.297s] Level 5:colcon.colcon_core.verb:set package 'ros2_control_demo_example_15' build argument 'cmake_target' from command line to 'None'
[0.297s] Level 5:colcon.colcon_core.verb:set package 'ros2_control_demo_example_15' build argument 'cmake_target_skip_unavailable' from command line to 'False'
[0.297s] Level 5:colcon.colcon_core.verb:set package 'ros2_control_demo_example_15' build argument 'cmake_clean_cache' from command line to 'False'
[0.297s] Level 5:colcon.colcon_core.verb:set package 'ros2_control_demo_example_15' build argument 'cmake_clean_first' from command line to 'False'
[0.297s] Level 5:colcon.colcon_core.verb:set package 'ros2_control_demo_example_15' build argument 'cmake_force_configure' from command line to 'False'
[0.297s] Level 5:colcon.colcon_core.verb:set package 'ros2_control_demo_example_15' build argument 'ament_cmake_args' from command line to 'None'
[0.297s] Level 5:colcon.colcon_core.verb:set package 'ros2_control_demo_example_15' build argument 'catkin_cmake_args' from command line to 'None'
[0.297s] Level 5:colcon.colcon_core.verb:set package 'ros2_control_demo_example_15' build argument 'catkin_skip_building_tests' from command line to 'False'
[0.297s] DEBUG:colcon.colcon_core.verb:Building package 'ros2_control_demo_example_15' with the following arguments: {'ament_cmake_args': None, 'build_base': '/home/bars/icarus_ws/build/ros2_control_demo_example_15', 'catkin_cmake_args': None, 'catkin_skip_building_tests': False, 'cmake_args': None, 'cmake_clean_cache': False, 'cmake_clean_first': False, 'cmake_force_configure': False, 'cmake_target': None, 'cmake_target_skip_unavailable': False, 'install_base': '/home/bars/icarus_ws/install/ros2_control_demo_example_15', 'merge_install': False, 'path': '/home/bars/icarus_ws/src/ros2_control_demos/example_15', 'symlink_install': True, 'test_result_base': None}
[0.297s] Level 5:colcon.colcon_core.verb:set package 'ros2_control_demos' build argument 'cmake_args' from command line to 'None'
[0.297s] Level 5:colcon.colcon_core.verb:set package 'ros2_control_demos' build argument 'cmake_target' from command line to 'None'
[0.297s] Level 5:colcon.colcon_core.verb:set package 'ros2_control_demos' build argument 'cmake_target_skip_unavailable' from command line to 'False'
[0.297s] Level 5:colcon.colcon_core.verb:set package 'ros2_control_demos' build argument 'cmake_clean_cache' from command line to 'False'
[0.297s] Level 5:colcon.colcon_core.verb:set package 'ros2_control_demos' build argument 'cmake_clean_first' from command line to 'False'
[0.297s] Level 5:colcon.colcon_core.verb:set package 'ros2_control_demos' build argument 'cmake_force_configure' from command line to 'False'
[0.297s] Level 5:colcon.colcon_core.verb:set package 'ros2_control_demos' build argument 'ament_cmake_args' from command line to 'None'
[0.297s] Level 5:colcon.colcon_core.verb:set package 'ros2_control_demos' build argument 'catkin_cmake_args' from command line to 'None'
[0.297s] Level 5:colcon.colcon_core.verb:set package 'ros2_control_demos' build argument 'catkin_skip_building_tests' from command line to 'False'
[0.297s] DEBUG:colcon.colcon_core.verb:Building package 'ros2_control_demos' with the following arguments: {'ament_cmake_args': None, 'build_base': '/home/bars/icarus_ws/build/ros2_control_demos', 'catkin_cmake_args': None, 'catkin_skip_building_tests': False, 'cmake_args': None, 'cmake_clean_cache': False, 'cmake_clean_first': False, 'cmake_force_configure': False, 'cmake_target': None, 'cmake_target_skip_unavailable': False, 'install_base': '/home/bars/icarus_ws/install/ros2_control_demos', 'merge_install': False, 'path': '/home/bars/icarus_ws/src/ros2_control_demos/ros2_control_demos', 'symlink_install': True, 'test_result_base': None}
[0.297s] INFO:colcon.colcon_core.executor:Executing jobs using 'parallel' executor
[0.298s] DEBUG:colcon.colcon_parallel_executor.executor.parallel:run_until_complete
[0.298s] INFO:colcon.colcon_ros.task.ament_cmake.build:Building ROS package in '/home/bars/icarus_ws/src/ros2_control_demos/ros2_control_demo_description' with build type 'ament_cmake'
[0.298s] INFO:colcon.colcon_cmake.task.cmake.build:Building CMake package in '/home/bars/icarus_ws/src/ros2_control_demos/ros2_control_demo_description'
[0.301s] INFO:colcon.colcon_core.plugin_system:Skipping extension 'colcon_core.shell.bat': Not used on non-Windows systems
[0.301s] INFO:colcon.colcon_core.shell:Skip shell extension 'powershell' for command environment: Not usable outside of PowerShell
[0.301s] DEBUG:colcon.colcon_core.shell:Skip shell extension 'dsv' for command environment
[0.304s] INFO:colcon.colcon_ros.task.ament_cmake.build:Building ROS package in '/home/bars/icarus_ws/src/Universal_Robots_ROS2_Description' with build type 'ament_cmake'
[0.304s] INFO:colcon.colcon_cmake.task.cmake.build:Building CMake package in '/home/bars/icarus_ws/src/Universal_Robots_ROS2_Description'
[0.304s] INFO:colcon.colcon_core.shell:Skip shell extension 'powershell' for command environment: Not usable outside of PowerShell
[0.304s] DEBUG:colcon.colcon_core.shell:Skip shell extension 'dsv' for command environment
[0.309s] DEBUG:colcon.colcon_core.event_handler.log_command:Invoking command in '/home/bars/icarus_ws/build/ros2_control_demo_description': CMAKE_PREFIX_PATH=${CMAKE_PREFIX_PATH}:/opt/ros/humble /usr/bin/cmake /home/bars/icarus_ws/src/ros2_control_demos/ros2_control_demo_description -DAMENT_CMAKE_SYMLINK_INSTALL=1 -DCMAKE_INSTALL_PREFIX=/home/bars/icarus_ws/install/ros2_control_demo_description
[0.311s] DEBUG:colcon.colcon_core.event_handler.log_command:Invoking command in '/home/bars/icarus_ws/build/ur_description': CMAKE_PREFIX_PATH=${CMAKE_PREFIX_PATH}:/opt/ros/humble /usr/bin/cmake /home/bars/icarus_ws/src/Universal_Robots_ROS2_Description -DAMENT_CMAKE_SYMLINK_INSTALL=1 -DCMAKE_INSTALL_PREFIX=/home/bars/icarus_ws/install/ur_description
[0.804s] DEBUG:colcon.colcon_core.event_handler.log_command:Invoked command in '/home/bars/icarus_ws/build/ros2_control_demo_description' returned '0': CMAKE_PREFIX_PATH=${CMAKE_PREFIX_PATH}:/opt/ros/humble /usr/bin/cmake /home/bars/icarus_ws/src/ros2_control_demos/ros2_control_demo_description -DAMENT_CMAKE_SYMLINK_INSTALL=1 -DCMAKE_INSTALL_PREFIX=/home/bars/icarus_ws/install/ros2_control_demo_description
[0.806s] DEBUG:colcon.colcon_core.event_handler.log_command:Invoking command in '/home/bars/icarus_ws/build/ros2_control_demo_description': CMAKE_PREFIX_PATH=${CMAKE_PREFIX_PATH}:/opt/ros/humble /usr/bin/cmake --build /home/bars/icarus_ws/build/ros2_control_demo_description -- -j20 -l20
[0.831s] DEBUG:colcon.colcon_core.event_handler.log_command:Invoked command in '/home/bars/icarus_ws/build/ros2_control_demo_description' returned '0': CMAKE_PREFIX_PATH=${CMAKE_PREFIX_PATH}:/opt/ros/humble /usr/bin/cmake --build /home/bars/icarus_ws/build/ros2_control_demo_description -- -j20 -l20
[0.838s] DEBUG:colcon.colcon_core.event_handler.log_command:Invoking command in '/home/bars/icarus_ws/build/ros2_control_demo_description': CMAKE_PREFIX_PATH=${CMAKE_PREFIX_PATH}:/opt/ros/humble /usr/bin/cmake --install /home/bars/icarus_ws/build/ros2_control_demo_description
[1.103s] Level 1:colcon.colcon_core.environment:create_environment_scripts_only(ros2_control_demo_description)
[1.103s] DEBUG:colcon.colcon_core.event_handler.log_command:Invoked command in '/home/bars/icarus_ws/build/ros2_control_demo_description' returned '0': CMAKE_PREFIX_PATH=${CMAKE_PREFIX_PATH}:/opt/ros/humble /usr/bin/cmake --install /home/bars/icarus_ws/build/ros2_control_demo_description
[1.114s] Level 1:colcon.colcon_core.environment:checking '/home/bars/icarus_ws/install/ros2_control_demo_description' for CMake module files
[1.114s] Level 1:colcon.colcon_core.environment:checking '/home/bars/icarus_ws/install/ros2_control_demo_description' for CMake config files
[1.114s] Level 1:colcon.colcon_core.shell:create_environment_hook('ros2_control_demo_description', 'cmake_prefix_path')
[1.114s] INFO:colcon.colcon_core.shell:Creating environment hook '/home/bars/icarus_ws/install/ros2_control_demo_description/share/ros2_control_demo_description/hook/cmake_prefix_path.ps1'
[1.115s] INFO:colcon.colcon_core.shell:Creating environment descriptor '/home/bars/icarus_ws/install/ros2_control_demo_description/share/ros2_control_demo_description/hook/cmake_prefix_path.dsv'
[1.116s] INFO:colcon.colcon_core.shell:Creating environment hook '/home/bars/icarus_ws/install/ros2_control_demo_description/share/ros2_control_demo_description/hook/cmake_prefix_path.sh'
[1.116s] Level 1:colcon.colcon_core.environment:checking '/home/bars/icarus_ws/install/ros2_control_demo_description/bin'
[1.116s] Level 1:colcon.colcon_core.environment:checking '/home/bars/icarus_ws/install/ros2_control_demo_description/lib/pkgconfig/ros2_control_demo_description.pc'
[1.116s] Level 1:colcon.colcon_core.environment:checking '/home/bars/icarus_ws/install/ros2_control_demo_description/lib/python3.10/site-packages'
[1.117s] Level 1:colcon.colcon_core.environment:checking '/home/bars/icarus_ws/install/ros2_control_demo_description/bin'
[1.117s] INFO:colcon.colcon_core.shell:Creating package script '/home/bars/icarus_ws/install/ros2_control_demo_description/share/ros2_control_demo_description/package.ps1'
[1.117s] INFO:colcon.colcon_core.shell:Creating package descriptor '/home/bars/icarus_ws/install/ros2_control_demo_description/share/ros2_control_demo_description/package.dsv'
[1.118s] INFO:colcon.colcon_core.shell:Creating package script '/home/bars/icarus_ws/install/ros2_control_demo_description/share/ros2_control_demo_description/package.sh'
[1.118s] INFO:colcon.colcon_core.shell:Creating package script '/home/bars/icarus_ws/install/ros2_control_demo_description/share/ros2_control_demo_description/package.bash'
[1.119s] INFO:colcon.colcon_core.shell:Creating package script '/home/bars/icarus_ws/install/ros2_control_demo_description/share/ros2_control_demo_description/package.zsh'
[1.119s] Level 1:colcon.colcon_core.environment:create_file_with_runtime_dependencies(/home/bars/icarus_ws/install/ros2_control_demo_description/share/colcon-core/packages/ros2_control_demo_description)
[1.119s] Level 1:colcon.colcon_core.environment:create_environment_scripts_only(ros2_control_demo_description)
[1.120s] Level 1:colcon.colcon_core.environment:checking '/home/bars/icarus_ws/install/ros2_control_demo_description' for CMake module files
[1.120s] Level 1:colcon.colcon_core.environment:checking '/home/bars/icarus_ws/install/ros2_control_demo_description' for CMake config files
[1.120s] Level 1:colcon.colcon_core.shell:create_environment_hook('ros2_control_demo_description', 'cmake_prefix_path')
[1.120s] INFO:colcon.colcon_core.shell:Creating environment hook '/home/bars/icarus_ws/install/ros2_control_demo_description/share/ros2_control_demo_description/hook/cmake_prefix_path.ps1'
[1.120s] INFO:colcon.colcon_core.shell:Creating environment descriptor '/home/bars/icarus_ws/install/ros2_control_demo_description/share/ros2_control_demo_description/hook/cmake_prefix_path.dsv'
[1.120s] INFO:colcon.colcon_core.shell:Creating environment hook '/home/bars/icarus_ws/install/ros2_control_demo_description/share/ros2_control_demo_description/hook/cmake_prefix_path.sh'
[1.121s] Level 1:colcon.colcon_core.environment:checking '/home/bars/icarus_ws/install/ros2_control_demo_description/bin'
[1.121s] Level 1:colcon.colcon_core.environment:checking '/home/bars/icarus_ws/install/ros2_control_demo_description/lib/pkgconfig/ros2_control_demo_description.pc'
[1.121s] Level 1:colcon.colcon_core.environment:checking '/home/bars/icarus_ws/install/ros2_control_demo_description/lib/python3.10/site-packages'
[1.121s] Level 1:colcon.colcon_core.environment:checking '/home/bars/icarus_ws/install/ros2_control_demo_description/bin'
[1.121s] INFO:colcon.colcon_core.shell:Creating package script '/home/bars/icarus_ws/install/ros2_control_demo_description/share/ros2_control_demo_description/package.ps1'
[1.121s] INFO:colcon.colcon_core.shell:Creating package descriptor '/home/bars/icarus_ws/install/ros2_control_demo_description/share/ros2_control_demo_description/package.dsv'
[1.122s] INFO:colcon.colcon_core.shell:Creating package script '/home/bars/icarus_ws/install/ros2_control_demo_description/share/ros2_control_demo_description/package.sh'
[1.122s] INFO:colcon.colcon_core.shell:Creating package script '/home/bars/icarus_ws/install/ros2_control_demo_description/share/ros2_control_demo_description/package.bash'
[1.122s] INFO:colcon.colcon_core.shell:Creating package script '/home/bars/icarus_ws/install/ros2_control_demo_description/share/ros2_control_demo_description/package.zsh'
[1.122s] Level 1:colcon.colcon_core.environment:create_file_with_runtime_dependencies(/home/bars/icarus_ws/install/ros2_control_demo_description/share/colcon-core/packages/ros2_control_demo_description)
[1.123s] INFO:colcon.colcon_ros.task.ament_cmake.build:Building ROS package in '/home/bars/icarus_ws/src/ros2_control_demos/example_5' with build type 'ament_cmake'
[1.123s] INFO:colcon.colcon_cmake.task.cmake.build:Building CMake package in '/home/bars/icarus_ws/src/ros2_control_demos/example_5'
[1.123s] INFO:colcon.colcon_core.shell:Skip shell extension 'powershell' for command environment: Not usable outside of PowerShell
[1.123s] DEBUG:colcon.colcon_core.shell:Skip shell extension 'dsv' for command environment
[1.126s] INFO:colcon.colcon_ros.task.ament_cmake.build:Building ROS package in '/home/bars/icarus_ws/src/ros2_control_demos/example_1' with build type 'ament_cmake'
[1.126s] INFO:colcon.colcon_cmake.task.cmake.build:Building CMake package in '/home/bars/icarus_ws/src/ros2_control_demos/example_1'
[1.126s] INFO:colcon.colcon_core.shell:Skip shell extension 'powershell' for command environment: Not usable outside of PowerShell
[1.127s] DEBUG:colcon.colcon_core.shell:Skip shell extension 'dsv' for command environment
[1.130s] INFO:colcon.colcon_ros.task.ament_cmake.build:Building ROS package in '/home/bars/icarus_ws/src/ros2_control_demos/example_4' with build type 'ament_cmake'
[1.130s] INFO:colcon.colcon_cmake.task.cmake.build:Building CMake package in '/home/bars/icarus_ws/src/ros2_control_demos/example_4'
[1.130s] INFO:colcon.colcon_core.shell:Skip shell extension 'powershell' for command environment: Not usable outside of PowerShell
[1.130s] DEBUG:colcon.colcon_core.shell:Skip shell extension 'dsv' for command environment
[1.132s] INFO:colcon.colcon_ros.task.ament_cmake.build:Building ROS package in '/home/bars/icarus_ws/src/ros2_control_demos/example_10' with build type 'ament_cmake'
[1.132s] INFO:colcon.colcon_cmake.task.cmake.build:Building CMake package in '/home/bars/icarus_ws/src/ros2_control_demos/example_10'
[1.132s] INFO:colcon.colcon_core.shell:Skip shell extension 'powershell' for command environment: Not usable outside of PowerShell
[1.132s] DEBUG:colcon.colcon_core.shell:Skip shell extension 'dsv' for command environment
[1.134s] INFO:colcon.colcon_ros.task.ament_cmake.build:Building ROS package in '/home/bars/icarus_ws/src/ros2_control_demos/example_11' with build type 'ament_cmake'
[1.134s] INFO:colcon.colcon_cmake.task.cmake.build:Building CMake package in '/home/bars/icarus_ws/src/ros2_control_demos/example_11'
[1.134s] INFO:colcon.colcon_core.shell:Skip shell extension 'powershell' for command environment: Not usable outside of PowerShell
[1.134s] DEBUG:colcon.colcon_core.shell:Skip shell extension 'dsv' for command environment
[1.136s] INFO:colcon.colcon_ros.task.ament_cmake.build:Building ROS package in '/home/bars/icarus_ws/src/ros2_control_demos/example_12' with build type 'ament_cmake'
[1.136s] INFO:colcon.colcon_cmake.task.cmake.build:Building CMake package in '/home/bars/icarus_ws/src/ros2_control_demos/example_12'
[1.136s] INFO:colcon.colcon_core.shell:Skip shell extension 'powershell' for command environment: Not usable outside of PowerShell
[1.136s] DEBUG:colcon.colcon_core.shell:Skip shell extension 'dsv' for command environment
[1.138s] INFO:colcon.colcon_ros.task.ament_cmake.build:Building ROS package in '/home/bars/icarus_ws/src/ros2_control_demos/example_14' with build type 'ament_cmake'
[1.138s] INFO:colcon.colcon_cmake.task.cmake.build:Building CMake package in '/home/bars/icarus_ws/src/ros2_control_demos/example_14'
[1.138s] INFO:colcon.colcon_core.shell:Skip shell extension 'powershell' for command environment: Not usable outside of PowerShell
[1.138s] DEBUG:colcon.colcon_core.shell:Skip shell extension 'dsv' for command environment
[1.140s] INFO:colcon.colcon_ros.task.ament_cmake.build:Building ROS package in '/home/bars/icarus_ws/src/ros2_control_demos/example_2' with build type 'ament_cmake'
[1.140s] INFO:colcon.colcon_cmake.task.cmake.build:Building CMake package in '/home/bars/icarus_ws/src/ros2_control_demos/example_2'
[1.141s] INFO:colcon.colcon_core.shell:Skip shell extension 'powershell' for command environment: Not usable outside of PowerShell
[1.141s] DEBUG:colcon.colcon_core.shell:Skip shell extension 'dsv' for command environment
[1.143s] INFO:colcon.colcon_ros.task.ament_cmake.build:Building ROS package in '/home/bars/icarus_ws/src/ros2_control_demos/example_3' with build type 'ament_cmake'
[1.143s] INFO:colcon.colcon_cmake.task.cmake.build:Building CMake package in '/home/bars/icarus_ws/src/ros2_control_demos/example_3'
[1.143s] INFO:colcon.colcon_core.shell:Skip shell extension 'powershell' for command environment: Not usable outside of PowerShell
[1.143s] DEBUG:colcon.colcon_core.shell:Skip shell extension 'dsv' for command environment
[1.145s] INFO:colcon.colcon_ros.task.ament_cmake.build:Building ROS package in '/home/bars/icarus_ws/src/ros2_control_demos/example_6' with build type 'ament_cmake'
[1.145s] INFO:colcon.colcon_cmake.task.cmake.build:Building CMake package in '/home/bars/icarus_ws/src/ros2_control_demos/example_6'
[1.145s] INFO:colcon.colcon_core.shell:Skip shell extension 'powershell' for command environment: Not usable outside of PowerShell
[1.145s] DEBUG:colcon.colcon_core.shell:Skip shell extension 'dsv' for command environment
[1.147s] INFO:colcon.colcon_ros.task.ament_cmake.build:Building ROS package in '/home/bars/icarus_ws/src/ros2_control_demos/example_7' with build type 'ament_cmake'
[1.147s] INFO:colcon.colcon_cmake.task.cmake.build:Building CMake package in '/home/bars/icarus_ws/src/ros2_control_demos/example_7'
[1.147s] INFO:colcon.colcon_core.shell:Skip shell extension 'powershell' for command environment: Not usable outside of PowerShell
[1.147s] DEBUG:colcon.colcon_core.shell:Skip shell extension 'dsv' for command environment
[1.149s] INFO:colcon.colcon_ros.task.ament_cmake.build:Building ROS package in '/home/bars/icarus_ws/src/ros2_control_demos/example_8' with build type 'ament_cmake'
[1.149s] INFO:colcon.colcon_cmake.task.cmake.build:Building CMake package in '/home/bars/icarus_ws/src/ros2_control_demos/example_8'
[1.149s] INFO:colcon.colcon_core.shell:Skip shell extension 'powershell' for command environment: Not usable outside of PowerShell
[1.149s] DEBUG:colcon.colcon_core.shell:Skip shell extension 'dsv' for command environment
[1.152s] INFO:colcon.colcon_ros.task.ament_cmake.build:Building ROS package in '/home/bars/icarus_ws/src/ros2_control_demos/example_9' with build type 'ament_cmake'
[1.152s] INFO:colcon.colcon_cmake.task.cmake.build:Building CMake package in '/home/bars/icarus_ws/src/ros2_control_demos/example_9'
[1.152s] INFO:colcon.colcon_core.shell:Skip shell extension 'powershell' for command environment: Not usable outside of PowerShell
[1.152s] DEBUG:colcon.colcon_core.shell:Skip shell extension 'dsv' for command environment
[1.159s] DEBUG:colcon.colcon_core.event_handler.log_command:Invoking command in '/home/bars/icarus_ws/build/ros2_control_demo_example_5': CMAKE_PREFIX_PATH=/home/bars/icarus_ws/install/ros2_control_demo_description:/home/bars/icarus_ws/install/ros2_control_demos:/home/bars/icarus_ws/install/ros2_control_demo_example_9:/home/bars/icarus_ws/install/ros2_control_demo_example_8:/home/bars/icarus_ws/install/ros2_control_demo_example_7:/home/bars/icarus_ws/install/ros2_control_demo_example_6:/home/bars/icarus_ws/install/ros2_control_demo_example_15:/home/bars/icarus_ws/install/ros2_control_demo_example_13:/home/bars/icarus_ws/install/ros2_control_demo_example_5:/home/bars/icarus_ws/install/ros2_control_demo_example_4:/home/bars/icarus_ws/install/ros2_control_demo_example_3:/home/bars/icarus_ws/install/ros2_control_demo_example_2:/home/bars/icarus_ws/install/ros2_control_demo_example_14:/home/bars/icarus_ws/install/ros2_control_demo_example_12:/home/bars/icarus_ws/install/ros2_control_demo_example_11:/home/bars/icarus_ws/install/ros2_control_demo_example_10:/home/bars/icarus_ws/install/ros2_control_demo_example_1:/opt/ros/humble /usr/bin/cmake /home/bars/icarus_ws/src/ros2_control_demos/example_5 -DAMENT_CMAKE_SYMLINK_INSTALL=1 -DCMAKE_INSTALL_PREFIX=/home/bars/icarus_ws/install/ros2_control_demo_example_5
[1.160s] DEBUG:colcon.colcon_core.event_handler.log_command:Invoking command in '/home/bars/icarus_ws/build/ros2_control_demo_example_1': CMAKE_PREFIX_PATH=/home/bars/icarus_ws/install/ros2_control_demo_description:/home/bars/icarus_ws/install/ros2_control_demos:/home/bars/icarus_ws/install/ros2_control_demo_example_9:/home/bars/icarus_ws/install/ros2_control_demo_example_8:/home/bars/icarus_ws/install/ros2_control_demo_example_7:/home/bars/icarus_ws/install/ros2_control_demo_example_6:/home/bars/icarus_ws/install/ros2_control_demo_example_15:/home/bars/icarus_ws/install/ros2_control_demo_example_13:/home/bars/icarus_ws/install/ros2_control_demo_example_5:/home/bars/icarus_ws/install/ros2_control_demo_example_4:/home/bars/icarus_ws/install/ros2_control_demo_example_3:/home/bars/icarus_ws/install/ros2_control_demo_example_2:/home/bars/icarus_ws/install/ros2_control_demo_example_14:/home/bars/icarus_ws/install/ros2_control_demo_example_12:/home/bars/icarus_ws/install/ros2_control_demo_example_11:/home/bars/icarus_ws/install/ros2_control_demo_example_10:/home/bars/icarus_ws/install/ros2_control_demo_example_1:/opt/ros/humble /usr/bin/cmake /home/bars/icarus_ws/src/ros2_control_demos/example_1 -DAMENT_CMAKE_SYMLINK_INSTALL=1 -DCMAKE_INSTALL_PREFIX=/home/bars/icarus_ws/install/ros2_control_demo_example_1
[1.161s] DEBUG:colcon.colcon_core.event_handler.log_command:Invoking command in '/home/bars/icarus_ws/build/ros2_control_demo_example_4': CMAKE_PREFIX_PATH=/home/bars/icarus_ws/install/ros2_control_demo_description:/home/bars/icarus_ws/install/ros2_control_demos:/home/bars/icarus_ws/install/ros2_control_demo_example_9:/home/bars/icarus_ws/install/ros2_control_demo_example_8:/home/bars/icarus_ws/install/ros2_control_demo_example_7:/home/bars/icarus_ws/install/ros2_control_demo_example_6:/home/bars/icarus_ws/install/ros2_control_demo_example_15:/home/bars/icarus_ws/install/ros2_control_demo_example_13:/home/bars/icarus_ws/install/ros2_control_demo_example_5:/home/bars/icarus_ws/install/ros2_control_demo_example_4:/home/bars/icarus_ws/install/ros2_control_demo_example_3:/home/bars/icarus_ws/install/ros2_control_demo_example_2:/home/bars/icarus_ws/install/ros2_control_demo_example_14:/home/bars/icarus_ws/install/ros2_control_demo_example_12:/home/bars/icarus_ws/install/ros2_control_demo_example_11:/home/bars/icarus_ws/install/ros2_control_demo_example_10:/home/bars/icarus_ws/install/ros2_control_demo_example_1:/opt/ros/humble /usr/bin/cmake /home/bars/icarus_ws/src/ros2_control_demos/example_4 -DAMENT_CMAKE_SYMLINK_INSTALL=1 -DCMAKE_INSTALL_PREFIX=/home/bars/icarus_ws/install/ros2_control_demo_example_4
[1.163s] DEBUG:colcon.colcon_core.event_handler.log_command:Invoking command in '/home/bars/icarus_ws/build/ros2_control_demo_example_10': CMAKE_PREFIX_PATH=/home/bars/icarus_ws/install/ros2_control_demo_description:/home/bars/icarus_ws/install/ros2_control_demos:/home/bars/icarus_ws/install/ros2_control_demo_example_9:/home/bars/icarus_ws/install/ros2_control_demo_example_8:/home/bars/icarus_ws/install/ros2_control_demo_example_7:/home/bars/icarus_ws/install/ros2_control_demo_example_6:/home/bars/icarus_ws/install/ros2_control_demo_example_15:/home/bars/icarus_ws/install/ros2_control_demo_example_13:/home/bars/icarus_ws/install/ros2_control_demo_example_5:/home/bars/icarus_ws/install/ros2_control_demo_example_4:/home/bars/icarus_ws/install/ros2_control_demo_example_3:/home/bars/icarus_ws/install/ros2_control_demo_example_2:/home/bars/icarus_ws/install/ros2_control_demo_example_14:/home/bars/icarus_ws/install/ros2_control_demo_example_12:/home/bars/icarus_ws/install/ros2_control_demo_example_11:/home/bars/icarus_ws/install/ros2_control_demo_example_10:/home/bars/icarus_ws/install/ros2_control_demo_example_1:/opt/ros/humble /usr/bin/cmake /home/bars/icarus_ws/src/ros2_control_demos/example_10 -DAMENT_CMAKE_SYMLINK_INSTALL=1 -DCMAKE_INSTALL_PREFIX=/home/bars/icarus_ws/install/ros2_control_demo_example_10
[1.164s] DEBUG:colcon.colcon_core.event_handler.log_command:Invoking command in '/home/bars/icarus_ws/build/ros2_control_demo_example_11': CMAKE_PREFIX_PATH=/home/bars/icarus_ws/install/ros2_control_demo_description:/home/bars/icarus_ws/install/ros2_control_demos:/home/bars/icarus_ws/install/ros2_control_demo_example_9:/home/bars/icarus_ws/install/ros2_control_demo_example_8:/home/bars/icarus_ws/install/ros2_control_demo_example_7:/home/bars/icarus_ws/install/ros2_control_demo_example_6:/home/bars/icarus_ws/install/ros2_control_demo_example_15:/home/bars/icarus_ws/install/ros2_control_demo_example_13:/home/bars/icarus_ws/install/ros2_control_demo_example_5:/home/bars/icarus_ws/install/ros2_control_demo_example_4:/home/bars/icarus_ws/install/ros2_control_demo_example_3:/home/bars/icarus_ws/install/ros2_control_demo_example_2:/home/bars/icarus_ws/install/ros2_control_demo_example_14:/home/bars/icarus_ws/install/ros2_control_demo_example_12:/home/bars/icarus_ws/install/ros2_control_demo_example_11:/home/bars/icarus_ws/install/ros2_control_demo_example_10:/home/bars/icarus_ws/install/ros2_control_demo_example_1:/opt/ros/humble /usr/bin/cmake /home/bars/icarus_ws/src/ros2_control_demos/example_11 -DAMENT_CMAKE_SYMLINK_INSTALL=1 -DCMAKE_INSTALL_PREFIX=/home/bars/icarus_ws/install/ros2_control_demo_example_11
[1.165s] DEBUG:colcon.colcon_core.event_handler.log_command:Invoking command in '/home/bars/icarus_ws/build/ros2_control_demo_example_12': CMAKE_PREFIX_PATH=/home/bars/icarus_ws/install/ros2_control_demo_description:/home/bars/icarus_ws/install/ros2_control_demos:/home/bars/icarus_ws/install/ros2_control_demo_example_9:/home/bars/icarus_ws/install/ros2_control_demo_example_8:/home/bars/icarus_ws/install/ros2_control_demo_example_7:/home/bars/icarus_ws/install/ros2_control_demo_example_6:/home/bars/icarus_ws/install/ros2_control_demo_example_15:/home/bars/icarus_ws/install/ros2_control_demo_example_13:/home/bars/icarus_ws/install/ros2_control_demo_example_5:/home/bars/icarus_ws/install/ros2_control_demo_example_4:/home/bars/icarus_ws/install/ros2_control_demo_example_3:/home/bars/icarus_ws/install/ros2_control_demo_example_2:/home/bars/icarus_ws/install/ros2_control_demo_example_14:/home/bars/icarus_ws/install/ros2_control_demo_example_12:/home/bars/icarus_ws/install/ros2_control_demo_example_11:/home/bars/icarus_ws/install/ros2_control_demo_example_10:/home/bars/icarus_ws/install/ros2_control_demo_example_1:/opt/ros/humble /usr/bin/cmake /home/bars/icarus_ws/src/ros2_control_demos/example_12 -DAMENT_CMAKE_SYMLINK_INSTALL=1 -DCMAKE_INSTALL_PREFIX=/home/bars/icarus_ws/install/ros2_control_demo_example_12
[1.167s] DEBUG:colcon.colcon_core.event_handler.log_command:Invoking command in '/home/bars/icarus_ws/build/ros2_control_demo_example_14': CMAKE_PREFIX_PATH=/home/bars/icarus_ws/install/ros2_control_demo_description:/home/bars/icarus_ws/install/ros2_control_demos:/home/bars/icarus_ws/install/ros2_control_demo_example_9:/home/bars/icarus_ws/install/ros2_control_demo_example_8:/home/bars/icarus_ws/install/ros2_control_demo_example_7:/home/bars/icarus_ws/install/ros2_control_demo_example_6:/home/bars/icarus_ws/install/ros2_control_demo_example_15:/home/bars/icarus_ws/install/ros2_control_demo_example_13:/home/bars/icarus_ws/install/ros2_control_demo_example_5:/home/bars/icarus_ws/install/ros2_control_demo_example_4:/home/bars/icarus_ws/install/ros2_control_demo_example_3:/home/bars/icarus_ws/install/ros2_control_demo_example_2:/home/bars/icarus_ws/install/ros2_control_demo_example_14:/home/bars/icarus_ws/install/ros2_control_demo_example_12:/home/bars/icarus_ws/install/ros2_control_demo_example_11:/home/bars/icarus_ws/install/ros2_control_demo_example_10:/home/bars/icarus_ws/install/ros2_control_demo_example_1:/opt/ros/humble /usr/bin/cmake /home/bars/icarus_ws/src/ros2_control_demos/example_14 -DAMENT_CMAKE_SYMLINK_INSTALL=1 -DCMAKE_INSTALL_PREFIX=/home/bars/icarus_ws/install/ros2_control_demo_example_14
[1.169s] DEBUG:colcon.colcon_core.event_handler.log_command:Invoking command in '/home/bars/icarus_ws/build/ros2_control_demo_example_2': CMAKE_PREFIX_PATH=/home/bars/icarus_ws/install/ros2_control_demo_description:/home/bars/icarus_ws/install/ros2_control_demos:/home/bars/icarus_ws/install/ros2_control_demo_example_9:/home/bars/icarus_ws/install/ros2_control_demo_example_8:/home/bars/icarus_ws/install/ros2_control_demo_example_7:/home/bars/icarus_ws/install/ros2_control_demo_example_6:/home/bars/icarus_ws/install/ros2_control_demo_example_15:/home/bars/icarus_ws/install/ros2_control_demo_example_13:/home/bars/icarus_ws/install/ros2_control_demo_example_5:/home/bars/icarus_ws/install/ros2_control_demo_example_4:/home/bars/icarus_ws/install/ros2_control_demo_example_3:/home/bars/icarus_ws/install/ros2_control_demo_example_2:/home/bars/icarus_ws/install/ros2_control_demo_example_14:/home/bars/icarus_ws/install/ros2_control_demo_example_12:/home/bars/icarus_ws/install/ros2_control_demo_example_11:/home/bars/icarus_ws/install/ros2_control_demo_example_10:/home/bars/icarus_ws/install/ros2_control_demo_example_1:/opt/ros/humble /usr/bin/cmake /home/bars/icarus_ws/src/ros2_control_demos/example_2 -DAMENT_CMAKE_SYMLINK_INSTALL=1 -DCMAKE_INSTALL_PREFIX=/home/bars/icarus_ws/install/ros2_control_demo_example_2
[1.171s] DEBUG:colcon.colcon_core.event_handler.log_command:Invoking command in '/home/bars/icarus_ws/build/ros2_control_demo_example_3': CMAKE_PREFIX_PATH=/home/bars/icarus_ws/install/ros2_control_demo_description:/home/bars/icarus_ws/install/ros2_control_demos:/home/bars/icarus_ws/install/ros2_control_demo_example_9:/home/bars/icarus_ws/install/ros2_control_demo_example_8:/home/bars/icarus_ws/install/ros2_control_demo_example_7:/home/bars/icarus_ws/install/ros2_control_demo_example_6:/home/bars/icarus_ws/install/ros2_control_demo_example_15:/home/bars/icarus_ws/install/ros2_control_demo_example_13:/home/bars/icarus_ws/install/ros2_control_demo_example_5:/home/bars/icarus_ws/install/ros2_control_demo_example_4:/home/bars/icarus_ws/install/ros2_control_demo_example_3:/home/bars/icarus_ws/install/ros2_control_demo_example_2:/home/bars/icarus_ws/install/ros2_control_demo_example_14:/home/bars/icarus_ws/install/ros2_control_demo_example_12:/home/bars/icarus_ws/install/ros2_control_demo_example_11:/home/bars/icarus_ws/install/ros2_control_demo_example_10:/home/bars/icarus_ws/install/ros2_control_demo_example_1:/opt/ros/humble /usr/bin/cmake /home/bars/icarus_ws/src/ros2_control_demos/example_3 -DAMENT_CMAKE_SYMLINK_INSTALL=1 -DCMAKE_INSTALL_PREFIX=/home/bars/icarus_ws/install/ros2_control_demo_example_3
[1.172s] DEBUG:colcon.colcon_core.event_handler.log_command:Invoking command in '/home/bars/icarus_ws/build/ros2_control_demo_example_6': CMAKE_PREFIX_PATH=/home/bars/icarus_ws/install/ros2_control_demo_description:/home/bars/icarus_ws/install/ros2_control_demos:/home/bars/icarus_ws/install/ros2_control_demo_example_9:/home/bars/icarus_ws/install/ros2_control_demo_example_8:/home/bars/icarus_ws/install/ros2_control_demo_example_7:/home/bars/icarus_ws/install/ros2_control_demo_example_6:/home/bars/icarus_ws/install/ros2_control_demo_example_15:/home/bars/icarus_ws/install/ros2_control_demo_example_13:/home/bars/icarus_ws/install/ros2_control_demo_example_5:/home/bars/icarus_ws/install/ros2_control_demo_example_4:/home/bars/icarus_ws/install/ros2_control_demo_example_3:/home/bars/icarus_ws/install/ros2_control_demo_example_2:/home/bars/icarus_ws/install/ros2_control_demo_example_14:/home/bars/icarus_ws/install/ros2_control_demo_example_12:/home/bars/icarus_ws/install/ros2_control_demo_example_11:/home/bars/icarus_ws/install/ros2_control_demo_example_10:/home/bars/icarus_ws/install/ros2_control_demo_example_1:/opt/ros/humble /usr/bin/cmake /home/bars/icarus_ws/src/ros2_control_demos/example_6 -DAMENT_CMAKE_SYMLINK_INSTALL=1 -DCMAKE_INSTALL_PREFIX=/home/bars/icarus_ws/install/ros2_control_demo_example_6
[1.173s] DEBUG:colcon.colcon_core.event_handler.log_command:Invoking command in '/home/bars/icarus_ws/build/ros2_control_demo_example_7': CMAKE_PREFIX_PATH=/home/bars/icarus_ws/install/ros2_control_demo_description:/home/bars/icarus_ws/install/ros2_control_demos:/home/bars/icarus_ws/install/ros2_control_demo_example_9:/home/bars/icarus_ws/install/ros2_control_demo_example_8:/home/bars/icarus_ws/install/ros2_control_demo_example_7:/home/bars/icarus_ws/install/ros2_control_demo_example_6:/home/bars/icarus_ws/install/ros2_control_demo_example_15:/home/bars/icarus_ws/install/ros2_control_demo_example_13:/home/bars/icarus_ws/install/ros2_control_demo_example_5:/home/bars/icarus_ws/install/ros2_control_demo_example_4:/home/bars/icarus_ws/install/ros2_control_demo_example_3:/home/bars/icarus_ws/install/ros2_control_demo_example_2:/home/bars/icarus_ws/install/ros2_control_demo_example_14:/home/bars/icarus_ws/install/ros2_control_demo_example_12:/home/bars/icarus_ws/install/ros2_control_demo_example_11:/home/bars/icarus_ws/install/ros2_control_demo_example_10:/home/bars/icarus_ws/install/ros2_control_demo_example_1:/opt/ros/humble /usr/bin/cmake /home/bars/icarus_ws/src/ros2_control_demos/example_7 -DAMENT_CMAKE_SYMLINK_INSTALL=1 -DCMAKE_INSTALL_PREFIX=/home/bars/icarus_ws/install/ros2_control_demo_example_7
[1.177s] DEBUG:colcon.colcon_core.event_handler.log_command:Invoking command in '/home/bars/icarus_ws/build/ros2_control_demo_example_8': CMAKE_PREFIX_PATH=/home/bars/icarus_ws/install/ros2_control_demo_description:/home/bars/icarus_ws/install/ros2_control_demos:/home/bars/icarus_ws/install/ros2_control_demo_example_9:/home/bars/icarus_ws/install/ros2_control_demo_example_8:/home/bars/icarus_ws/install/ros2_control_demo_example_7:/home/bars/icarus_ws/install/ros2_control_demo_example_6:/home/bars/icarus_ws/install/ros2_control_demo_example_15:/home/bars/icarus_ws/install/ros2_control_demo_example_13:/home/bars/icarus_ws/install/ros2_control_demo_example_5:/home/bars/icarus_ws/install/ros2_control_demo_example_4:/home/bars/icarus_ws/install/ros2_control_demo_example_3:/home/bars/icarus_ws/install/ros2_control_demo_example_2:/home/bars/icarus_ws/install/ros2_control_demo_example_14:/home/bars/icarus_ws/install/ros2_control_demo_example_12:/home/bars/icarus_ws/install/ros2_control_demo_example_11:/home/bars/icarus_ws/install/ros2_control_demo_example_10:/home/bars/icarus_ws/install/ros2_control_demo_example_1:/opt/ros/humble /usr/bin/cmake /home/bars/icarus_ws/src/ros2_control_demos/example_8 -DAMENT_CMAKE_SYMLINK_INSTALL=1 -DCMAKE_INSTALL_PREFIX=/home/bars/icarus_ws/install/ros2_control_demo_example_8
[1.181s] DEBUG:colcon.colcon_core.event_handler.log_command:Invoking command in '/home/bars/icarus_ws/build/ros2_control_demo_example_9': CMAKE_PREFIX_PATH=/home/bars/icarus_ws/install/ros2_control_demo_description:/home/bars/icarus_ws/install/ros2_control_demos:/home/bars/icarus_ws/install/ros2_control_demo_example_9:/home/bars/icarus_ws/install/ros2_control_demo_example_8:/home/bars/icarus_ws/install/ros2_control_demo_example_7:/home/bars/icarus_ws/install/ros2_control_demo_example_6:/home/bars/icarus_ws/install/ros2_control_demo_example_15:/home/bars/icarus_ws/install/ros2_control_demo_example_13:/home/bars/icarus_ws/install/ros2_control_demo_example_5:/home/bars/icarus_ws/install/ros2_control_demo_example_4:/home/bars/icarus_ws/install/ros2_control_demo_example_3:/home/bars/icarus_ws/install/ros2_control_demo_example_2:/home/bars/icarus_ws/install/ros2_control_demo_example_14:/home/bars/icarus_ws/install/ros2_control_demo_example_12:/home/bars/icarus_ws/install/ros2_control_demo_example_11:/home/bars/icarus_ws/install/ros2_control_demo_example_10:/home/bars/icarus_ws/install/ros2_control_demo_example_1:/opt/ros/humble /usr/bin/cmake /home/bars/icarus_ws/src/ros2_control_demos/example_9 -DAMENT_CMAKE_SYMLINK_INSTALL=1 -DCMAKE_INSTALL_PREFIX=/home/bars/icarus_ws/install/ros2_control_demo_example_9
[1.227s] DEBUG:colcon.colcon_core.event_handler.log_command:Invoked command in '/home/bars/icarus_ws/build/ur_description' returned '0': CMAKE_PREFIX_PATH=${CMAKE_PREFIX_PATH}:/opt/ros/humble /usr/bin/cmake /home/bars/icarus_ws/src/Universal_Robots_ROS2_Description -DAMENT_CMAKE_SYMLINK_INSTALL=1 -DCMAKE_INSTALL_PREFIX=/home/bars/icarus_ws/install/ur_description
[1.232s] DEBUG:colcon.colcon_core.event_handler.log_command:Invoking command in '/home/bars/icarus_ws/build/ur_description': CMAKE_PREFIX_PATH=${CMAKE_PREFIX_PATH}:/opt/ros/humble /usr/bin/cmake --build /home/bars/icarus_ws/build/ur_description -- -j20 -l20
[2.490s] DEBUG:colcon.colcon_core.event_handler.log_command:Invoked command in '/home/bars/icarus_ws/build/ros2_control_demo_example_3' returned '0': CMAKE_PREFIX_PATH=/home/bars/icarus_ws/install/ros2_control_demo_description:/home/bars/icarus_ws/install/ros2_control_demos:/home/bars/icarus_ws/install/ros2_control_demo_example_9:/home/bars/icarus_ws/install/ros2_control_demo_example_8:/home/bars/icarus_ws/install/ros2_control_demo_example_7:/home/bars/icarus_ws/install/ros2_control_demo_example_6:/home/bars/icarus_ws/install/ros2_control_demo_example_15:/home/bars/icarus_ws/install/ros2_control_demo_example_13:/home/bars/icarus_ws/install/ros2_control_demo_example_5:/home/bars/icarus_ws/install/ros2_control_demo_example_4:/home/bars/icarus_ws/install/ros2_control_demo_example_3:/home/bars/icarus_ws/install/ros2_control_demo_example_2:/home/bars/icarus_ws/install/ros2_control_demo_example_14:/home/bars/icarus_ws/install/ros2_control_demo_example_12:/home/bars/icarus_ws/install/ros2_control_demo_example_11:/home/bars/icarus_ws/install/ros2_control_demo_example_10:/home/bars/icarus_ws/install/ros2_control_demo_example_1:/opt/ros/humble /usr/bin/cmake /home/bars/icarus_ws/src/ros2_control_demos/example_3 -DAMENT_CMAKE_SYMLINK_INSTALL=1 -DCMAKE_INSTALL_PREFIX=/home/bars/icarus_ws/install/ros2_control_demo_example_3
[2.494s] DEBUG:colcon.colcon_core.event_handler.log_command:Invoking command in '/home/bars/icarus_ws/build/ros2_control_demo_example_3': CMAKE_PREFIX_PATH=/home/bars/icarus_ws/install/ros2_control_demo_description:/home/bars/icarus_ws/install/ros2_control_demos:/home/bars/icarus_ws/install/ros2_control_demo_example_9:/home/bars/icarus_ws/install/ros2_control_demo_example_8:/home/bars/icarus_ws/install/ros2_control_demo_example_7:/home/bars/icarus_ws/install/ros2_control_demo_example_6:/home/bars/icarus_ws/install/ros2_control_demo_example_15:/home/bars/icarus_ws/install/ros2_control_demo_example_13:/home/bars/icarus_ws/install/ros2_control_demo_example_5:/home/bars/icarus_ws/install/ros2_control_demo_example_4:/home/bars/icarus_ws/install/ros2_control_demo_example_3:/home/bars/icarus_ws/install/ros2_control_demo_example_2:/home/bars/icarus_ws/install/ros2_control_demo_example_14:/home/bars/icarus_ws/install/ros2_control_demo_example_12:/home/bars/icarus_ws/install/ros2_control_demo_example_11:/home/bars/icarus_ws/install/ros2_control_demo_example_10:/home/bars/icarus_ws/install/ros2_control_demo_example_1:/opt/ros/humble /usr/bin/cmake --build /home/bars/icarus_ws/build/ros2_control_demo_example_3 -- -j20 -l20
[2.496s] DEBUG:colcon.colcon_core.event_handler.log_command:Invoked command in '/home/bars/icarus_ws/build/ros2_control_demo_example_6' returned '0': CMAKE_PREFIX_PATH=/home/bars/icarus_ws/install/ros2_control_demo_description:/home/bars/icarus_ws/install/ros2_control_demos:/home/bars/icarus_ws/install/ros2_control_demo_example_9:/home/bars/icarus_ws/install/ros2_control_demo_example_8:/home/bars/icarus_ws/install/ros2_control_demo_example_7:/home/bars/icarus_ws/install/ros2_control_demo_example_6:/home/bars/icarus_ws/install/ros2_control_demo_example_15:/home/bars/icarus_ws/install/ros2_control_demo_example_13:/home/bars/icarus_ws/install/ros2_control_demo_example_5:/home/bars/icarus_ws/install/ros2_control_demo_example_4:/home/bars/icarus_ws/install/ros2_control_demo_example_3:/home/bars/icarus_ws/install/ros2_control_demo_example_2:/home/bars/icarus_ws/install/ros2_control_demo_example_14:/home/bars/icarus_ws/install/ros2_control_demo_example_12:/home/bars/icarus_ws/install/ros2_control_demo_example_11:/home/bars/icarus_ws/install/ros2_control_demo_example_10:/home/bars/icarus_ws/install/ros2_control_demo_example_1:/opt/ros/humble /usr/bin/cmake /home/bars/icarus_ws/src/ros2_control_demos/example_6 -DAMENT_CMAKE_SYMLINK_INSTALL=1 -DCMAKE_INSTALL_PREFIX=/home/bars/icarus_ws/install/ros2_control_demo_example_6
[2.497s] DEBUG:colcon.colcon_core.event_handler.log_command:Invoking command in '/home/bars/icarus_ws/build/ros2_control_demo_example_6': CMAKE_PREFIX_PATH=/home/bars/icarus_ws/install/ros2_control_demo_description:/home/bars/icarus_ws/install/ros2_control_demos:/home/bars/icarus_ws/install/ros2_control_demo_example_9:/home/bars/icarus_ws/install/ros2_control_demo_example_8:/home/bars/icarus_ws/install/ros2_control_demo_example_7:/home/bars/icarus_ws/install/ros2_control_demo_example_6:/home/bars/icarus_ws/install/ros2_control_demo_example_15:/home/bars/icarus_ws/install/ros2_control_demo_example_13:/home/bars/icarus_ws/install/ros2_control_demo_example_5:/home/bars/icarus_ws/install/ros2_control_demo_example_4:/home/bars/icarus_ws/install/ros2_control_demo_example_3:/home/bars/icarus_ws/install/ros2_control_demo_example_2:/home/bars/icarus_ws/install/ros2_control_demo_example_14:/home/bars/icarus_ws/install/ros2_control_demo_example_12:/home/bars/icarus_ws/install/ros2_control_demo_example_11:/home/bars/icarus_ws/install/ros2_control_demo_example_10:/home/bars/icarus_ws/install/ros2_control_demo_example_1:/opt/ros/humble /usr/bin/cmake --build /home/bars/icarus_ws/build/ros2_control_demo_example_6 -- -j20 -l20
[2.498s] DEBUG:colcon.colcon_core.event_handler.log_command:Invoked command in '/home/bars/icarus_ws/build/ur_description' returned '0': CMAKE_PREFIX_PATH=${CMAKE_PREFIX_PATH}:/opt/ros/humble /usr/bin/cmake --build /home/bars/icarus_ws/build/ur_description -- -j20 -l20
[2.500s] DEBUG:colcon.colcon_core.event_handler.log_command:Invoking command in '/home/bars/icarus_ws/build/ur_description': CMAKE_PREFIX_PATH=${CMAKE_PREFIX_PATH}:/opt/ros/humble /usr/bin/cmake --install /home/bars/icarus_ws/build/ur_description
[2.504s] DEBUG:colcon.colcon_core.event_handler.log_command:Invoked command in '/home/bars/icarus_ws/build/ros2_control_demo_example_8' returned '0': CMAKE_PREFIX_PATH=/home/bars/icarus_ws/install/ros2_control_demo_description:/home/bars/icarus_ws/install/ros2_control_demos:/home/bars/icarus_ws/install/ros2_control_demo_example_9:/home/bars/icarus_ws/install/ros2_control_demo_example_8:/home/bars/icarus_ws/install/ros2_control_demo_example_7:/home/bars/icarus_ws/install/ros2_control_demo_example_6:/home/bars/icarus_ws/install/ros2_control_demo_example_15:/home/bars/icarus_ws/install/ros2_control_demo_example_13:/home/bars/icarus_ws/install/ros2_control_demo_example_5:/home/bars/icarus_ws/install/ros2_control_demo_example_4:/home/bars/icarus_ws/install/ros2_control_demo_example_3:/home/bars/icarus_ws/install/ros2_control_demo_example_2:/home/bars/icarus_ws/install/ros2_control_demo_example_14:/home/bars/icarus_ws/install/ros2_control_demo_example_12:/home/bars/icarus_ws/install/ros2_control_demo_example_11:/home/bars/icarus_ws/install/ros2_control_demo_example_10:/home/bars/icarus_ws/install/ros2_control_demo_example_1:/opt/ros/humble /usr/bin/cmake /home/bars/icarus_ws/src/ros2_control_demos/example_8 -DAMENT_CMAKE_SYMLINK_INSTALL=1 -DCMAKE_INSTALL_PREFIX=/home/bars/icarus_ws/install/ros2_control_demo_example_8
[2.506s] DEBUG:colcon.colcon_core.event_handler.log_command:Invoking command in '/home/bars/icarus_ws/build/ros2_control_demo_example_8': CMAKE_PREFIX_PATH=/home/bars/icarus_ws/install/ros2_control_demo_description:/home/bars/icarus_ws/install/ros2_control_demos:/home/bars/icarus_ws/install/ros2_control_demo_example_9:/home/bars/icarus_ws/install/ros2_control_demo_example_8:/home/bars/icarus_ws/install/ros2_control_demo_example_7:/home/bars/icarus_ws/install/ros2_control_demo_example_6:/home/bars/icarus_ws/install/ros2_control_demo_example_15:/home/bars/icarus_ws/install/ros2_control_demo_example_13:/home/bars/icarus_ws/install/ros2_control_demo_example_5:/home/bars/icarus_ws/install/ros2_control_demo_example_4:/home/bars/icarus_ws/install/ros2_control_demo_example_3:/home/bars/icarus_ws/install/ros2_control_demo_example_2:/home/bars/icarus_ws/install/ros2_control_demo_example_14:/home/bars/icarus_ws/install/ros2_control_demo_example_12:/home/bars/icarus_ws/install/ros2_control_demo_example_11:/home/bars/icarus_ws/install/ros2_control_demo_example_10:/home/bars/icarus_ws/install/ros2_control_demo_example_1:/opt/ros/humble /usr/bin/cmake --build /home/bars/icarus_ws/build/ros2_control_demo_example_8 -- -j20 -l20
[2.557s] DEBUG:colcon.colcon_core.event_handler.log_command:Invoked command in '/home/bars/icarus_ws/build/ros2_control_demo_example_2' returned '0': CMAKE_PREFIX_PATH=/home/bars/icarus_ws/install/ros2_control_demo_description:/home/bars/icarus_ws/install/ros2_control_demos:/home/bars/icarus_ws/install/ros2_control_demo_example_9:/home/bars/icarus_ws/install/ros2_control_demo_example_8:/home/bars/icarus_ws/install/ros2_control_demo_example_7:/home/bars/icarus_ws/install/ros2_control_demo_example_6:/home/bars/icarus_ws/install/ros2_control_demo_example_15:/home/bars/icarus_ws/install/ros2_control_demo_example_13:/home/bars/icarus_ws/install/ros2_control_demo_example_5:/home/bars/icarus_ws/install/ros2_control_demo_example_4:/home/bars/icarus_ws/install/ros2_control_demo_example_3:/home/bars/icarus_ws/install/ros2_control_demo_example_2:/home/bars/icarus_ws/install/ros2_control_demo_example_14:/home/bars/icarus_ws/install/ros2_control_demo_example_12:/home/bars/icarus_ws/install/ros2_control_demo_example_11:/home/bars/icarus_ws/install/ros2_control_demo_example_10:/home/bars/icarus_ws/install/ros2_control_demo_example_1:/opt/ros/humble /usr/bin/cmake /home/bars/icarus_ws/src/ros2_control_demos/example_2 -DAMENT_CMAKE_SYMLINK_INSTALL=1 -DCMAKE_INSTALL_PREFIX=/home/bars/icarus_ws/install/ros2_control_demo_example_2
[2.558s] DEBUG:colcon.colcon_core.event_handler.log_command:Invoking command in '/home/bars/icarus_ws/build/ros2_control_demo_example_2': CMAKE_PREFIX_PATH=/home/bars/icarus_ws/install/ros2_control_demo_description:/home/bars/icarus_ws/install/ros2_control_demos:/home/bars/icarus_ws/install/ros2_control_demo_example_9:/home/bars/icarus_ws/install/ros2_control_demo_example_8:/home/bars/icarus_ws/install/ros2_control_demo_example_7:/home/bars/icarus_ws/install/ros2_control_demo_example_6:/home/bars/icarus_ws/install/ros2_control_demo_example_15:/home/bars/icarus_ws/install/ros2_control_demo_example_13:/home/bars/icarus_ws/install/ros2_control_demo_example_5:/home/bars/icarus_ws/install/ros2_control_demo_example_4:/home/bars/icarus_ws/install/ros2_control_demo_example_3:/home/bars/icarus_ws/install/ros2_control_demo_example_2:/home/bars/icarus_ws/install/ros2_control_demo_example_14:/home/bars/icarus_ws/install/ros2_control_demo_example_12:/home/bars/icarus_ws/install/ros2_control_demo_example_11:/home/bars/icarus_ws/install/ros2_control_demo_example_10:/home/bars/icarus_ws/install/ros2_control_demo_example_1:/opt/ros/humble /usr/bin/cmake --build /home/bars/icarus_ws/build/ros2_control_demo_example_2 -- -j20 -l20
[2.565s] DEBUG:colcon.colcon_core.event_handler.log_command:Invoked command in '/home/bars/icarus_ws/build/ros2_control_demo_example_5' returned '0': CMAKE_PREFIX_PATH=/home/bars/icarus_ws/install/ros2_control_demo_description:/home/bars/icarus_ws/install/ros2_control_demos:/home/bars/icarus_ws/install/ros2_control_demo_example_9:/home/bars/icarus_ws/install/ros2_control_demo_example_8:/home/bars/icarus_ws/install/ros2_control_demo_example_7:/home/bars/icarus_ws/install/ros2_control_demo_example_6:/home/bars/icarus_ws/install/ros2_control_demo_example_15:/home/bars/icarus_ws/install/ros2_control_demo_example_13:/home/bars/icarus_ws/install/ros2_control_demo_example_5:/home/bars/icarus_ws/install/ros2_control_demo_example_4:/home/bars/icarus_ws/install/ros2_control_demo_example_3:/home/bars/icarus_ws/install/ros2_control_demo_example_2:/home/bars/icarus_ws/install/ros2_control_demo_example_14:/home/bars/icarus_ws/install/ros2_control_demo_example_12:/home/bars/icarus_ws/install/ros2_control_demo_example_11:/home/bars/icarus_ws/install/ros2_control_demo_example_10:/home/bars/icarus_ws/install/ros2_control_demo_example_1:/opt/ros/humble /usr/bin/cmake /home/bars/icarus_ws/src/ros2_control_demos/example_5 -DAMENT_CMAKE_SYMLINK_INSTALL=1 -DCMAKE_INSTALL_PREFIX=/home/bars/icarus_ws/install/ros2_control_demo_example_5
[2.566s] DEBUG:colcon.colcon_core.event_handler.log_command:Invoking command in '/home/bars/icarus_ws/build/ros2_control_demo_example_5': CMAKE_PREFIX_PATH=/home/bars/icarus_ws/install/ros2_control_demo_description:/home/bars/icarus_ws/install/ros2_control_demos:/home/bars/icarus_ws/install/ros2_control_demo_example_9:/home/bars/icarus_ws/install/ros2_control_demo_example_8:/home/bars/icarus_ws/install/ros2_control_demo_example_7:/home/bars/icarus_ws/install/ros2_control_demo_example_6:/home/bars/icarus_ws/install/ros2_control_demo_example_15:/home/bars/icarus_ws/install/ros2_control_demo_example_13:/home/bars/icarus_ws/install/ros2_control_demo_example_5:/home/bars/icarus_ws/install/ros2_control_demo_example_4:/home/bars/icarus_ws/install/ros2_control_demo_example_3:/home/bars/icarus_ws/install/ros2_control_demo_example_2:/home/bars/icarus_ws/install/ros2_control_demo_example_14:/home/bars/icarus_ws/install/ros2_control_demo_example_12:/home/bars/icarus_ws/install/ros2_control_demo_example_11:/home/bars/icarus_ws/install/ros2_control_demo_example_10:/home/bars/icarus_ws/install/ros2_control_demo_example_1:/opt/ros/humble /usr/bin/cmake --build /home/bars/icarus_ws/build/ros2_control_demo_example_5 -- -j20 -l20
[2.601s] DEBUG:colcon.colcon_core.event_handler.log_command:Invoked command in '/home/bars/icarus_ws/build/ros2_control_demo_example_14' returned '0': CMAKE_PREFIX_PATH=/home/bars/icarus_ws/install/ros2_control_demo_description:/home/bars/icarus_ws/install/ros2_control_demos:/home/bars/icarus_ws/install/ros2_control_demo_example_9:/home/bars/icarus_ws/install/ros2_control_demo_example_8:/home/bars/icarus_ws/install/ros2_control_demo_example_7:/home/bars/icarus_ws/install/ros2_control_demo_example_6:/home/bars/icarus_ws/install/ros2_control_demo_example_15:/home/bars/icarus_ws/install/ros2_control_demo_example_13:/home/bars/icarus_ws/install/ros2_control_demo_example_5:/home/bars/icarus_ws/install/ros2_control_demo_example_4:/home/bars/icarus_ws/install/ros2_control_demo_example_3:/home/bars/icarus_ws/install/ros2_control_demo_example_2:/home/bars/icarus_ws/install/ros2_control_demo_example_14:/home/bars/icarus_ws/install/ros2_control_demo_example_12:/home/bars/icarus_ws/install/ros2_control_demo_example_11:/home/bars/icarus_ws/install/ros2_control_demo_example_10:/home/bars/icarus_ws/install/ros2_control_demo_example_1:/opt/ros/humble /usr/bin/cmake /home/bars/icarus_ws/src/ros2_control_demos/example_14 -DAMENT_CMAKE_SYMLINK_INSTALL=1 -DCMAKE_INSTALL_PREFIX=/home/bars/icarus_ws/install/ros2_control_demo_example_14
[2.602s] DEBUG:colcon.colcon_core.event_handler.log_command:Invoking command in '/home/bars/icarus_ws/build/ros2_control_demo_example_14': CMAKE_PREFIX_PATH=/home/bars/icarus_ws/install/ros2_control_demo_description:/home/bars/icarus_ws/install/ros2_control_demos:/home/bars/icarus_ws/install/ros2_control_demo_example_9:/home/bars/icarus_ws/install/ros2_control_demo_example_8:/home/bars/icarus_ws/install/ros2_control_demo_example_7:/home/bars/icarus_ws/install/ros2_control_demo_example_6:/home/bars/icarus_ws/install/ros2_control_demo_example_15:/home/bars/icarus_ws/install/ros2_control_demo_example_13:/home/bars/icarus_ws/install/ros2_control_demo_example_5:/home/bars/icarus_ws/install/ros2_control_demo_example_4:/home/bars/icarus_ws/install/ros2_control_demo_example_3:/home/bars/icarus_ws/install/ros2_control_demo_example_2:/home/bars/icarus_ws/install/ros2_control_demo_example_14:/home/bars/icarus_ws/install/ros2_control_demo_example_12:/home/bars/icarus_ws/install/ros2_control_demo_example_11:/home/bars/icarus_ws/install/ros2_control_demo_example_10:/home/bars/icarus_ws/install/ros2_control_demo_example_1:/opt/ros/humble /usr/bin/cmake --build /home/bars/icarus_ws/build/ros2_control_demo_example_14 -- -j20 -l20
[2.605s] DEBUG:colcon.colcon_core.event_handler.log_command:Invoked command in '/home/bars/icarus_ws/build/ros2_control_demo_example_11' returned '0': CMAKE_PREFIX_PATH=/home/bars/icarus_ws/install/ros2_control_demo_description:/home/bars/icarus_ws/install/ros2_control_demos:/home/bars/icarus_ws/install/ros2_control_demo_example_9:/home/bars/icarus_ws/install/ros2_control_demo_example_8:/home/bars/icarus_ws/install/ros2_control_demo_example_7:/home/bars/icarus_ws/install/ros2_control_demo_example_6:/home/bars/icarus_ws/install/ros2_control_demo_example_15:/home/bars/icarus_ws/install/ros2_control_demo_example_13:/home/bars/icarus_ws/install/ros2_control_demo_example_5:/home/bars/icarus_ws/install/ros2_control_demo_example_4:/home/bars/icarus_ws/install/ros2_control_demo_example_3:/home/bars/icarus_ws/install/ros2_control_demo_example_2:/home/bars/icarus_ws/install/ros2_control_demo_example_14:/home/bars/icarus_ws/install/ros2_control_demo_example_12:/home/bars/icarus_ws/install/ros2_control_demo_example_11:/home/bars/icarus_ws/install/ros2_control_demo_example_10:/home/bars/icarus_ws/install/ros2_control_demo_example_1:/opt/ros/humble /usr/bin/cmake /home/bars/icarus_ws/src/ros2_control_demos/example_11 -DAMENT_CMAKE_SYMLINK_INSTALL=1 -DCMAKE_INSTALL_PREFIX=/home/bars/icarus_ws/install/ros2_control_demo_example_11
[2.606s] DEBUG:colcon.colcon_core.event_handler.log_command:Invoking command in '/home/bars/icarus_ws/build/ros2_control_demo_example_11': CMAKE_PREFIX_PATH=/home/bars/icarus_ws/install/ros2_control_demo_description:/home/bars/icarus_ws/install/ros2_control_demos:/home/bars/icarus_ws/install/ros2_control_demo_example_9:/home/bars/icarus_ws/install/ros2_control_demo_example_8:/home/bars/icarus_ws/install/ros2_control_demo_example_7:/home/bars/icarus_ws/install/ros2_control_demo_example_6:/home/bars/icarus_ws/install/ros2_control_demo_example_15:/home/bars/icarus_ws/install/ros2_control_demo_example_13:/home/bars/icarus_ws/install/ros2_control_demo_example_5:/home/bars/icarus_ws/install/ros2_control_demo_example_4:/home/bars/icarus_ws/install/ros2_control_demo_example_3:/home/bars/icarus_ws/install/ros2_control_demo_example_2:/home/bars/icarus_ws/install/ros2_control_demo_example_14:/home/bars/icarus_ws/install/ros2_control_demo_example_12:/home/bars/icarus_ws/install/ros2_control_demo_example_11:/home/bars/icarus_ws/install/ros2_control_demo_example_10:/home/bars/icarus_ws/install/ros2_control_demo_example_1:/opt/ros/humble /usr/bin/cmake --build /home/bars/icarus_ws/build/ros2_control_demo_example_11 -- -j20 -l20
[2.606s] DEBUG:colcon.colcon_core.event_handler.log_command:Invoked command in '/home/bars/icarus_ws/build/ros2_control_demo_example_10' returned '0': CMAKE_PREFIX_PATH=/home/bars/icarus_ws/install/ros2_control_demo_description:/home/bars/icarus_ws/install/ros2_control_demos:/home/bars/icarus_ws/install/ros2_control_demo_example_9:/home/bars/icarus_ws/install/ros2_control_demo_example_8:/home/bars/icarus_ws/install/ros2_control_demo_example_7:/home/bars/icarus_ws/install/ros2_control_demo_example_6:/home/bars/icarus_ws/install/ros2_control_demo_example_15:/home/bars/icarus_ws/install/ros2_control_demo_example_13:/home/bars/icarus_ws/install/ros2_control_demo_example_5:/home/bars/icarus_ws/install/ros2_control_demo_example_4:/home/bars/icarus_ws/install/ros2_control_demo_example_3:/home/bars/icarus_ws/install/ros2_control_demo_example_2:/home/bars/icarus_ws/install/ros2_control_demo_example_14:/home/bars/icarus_ws/install/ros2_control_demo_example_12:/home/bars/icarus_ws/install/ros2_control_demo_example_11:/home/bars/icarus_ws/install/ros2_control_demo_example_10:/home/bars/icarus_ws/install/ros2_control_demo_example_1:/opt/ros/humble /usr/bin/cmake /home/bars/icarus_ws/src/ros2_control_demos/example_10 -DAMENT_CMAKE_SYMLINK_INSTALL=1 -DCMAKE_INSTALL_PREFIX=/home/bars/icarus_ws/install/ros2_control_demo_example_10
[2.608s] DEBUG:colcon.colcon_core.event_handler.log_command:Invoking command in '/home/bars/icarus_ws/build/ros2_control_demo_example_10': CMAKE_PREFIX_PATH=/home/bars/icarus_ws/install/ros2_control_demo_description:/home/bars/icarus_ws/install/ros2_control_demos:/home/bars/icarus_ws/install/ros2_control_demo_example_9:/home/bars/icarus_ws/install/ros2_control_demo_example_8:/home/bars/icarus_ws/install/ros2_control_demo_example_7:/home/bars/icarus_ws/install/ros2_control_demo_example_6:/home/bars/icarus_ws/install/ros2_control_demo_example_15:/home/bars/icarus_ws/install/ros2_control_demo_example_13:/home/bars/icarus_ws/install/ros2_control_demo_example_5:/home/bars/icarus_ws/install/ros2_control_demo_example_4:/home/bars/icarus_ws/install/ros2_control_demo_example_3:/home/bars/icarus_ws/install/ros2_control_demo_example_2:/home/bars/icarus_ws/install/ros2_control_demo_example_14:/home/bars/icarus_ws/install/ros2_control_demo_example_12:/home/bars/icarus_ws/install/ros2_control_demo_example_11:/home/bars/icarus_ws/install/ros2_control_demo_example_10:/home/bars/icarus_ws/install/ros2_control_demo_example_1:/opt/ros/humble /usr/bin/cmake --build /home/bars/icarus_ws/build/ros2_control_demo_example_10 -- -j20 -l20
[2.615s] DEBUG:colcon.colcon_core.event_handler.log_command:Invoked command in '/home/bars/icarus_ws/build/ros2_control_demo_example_9' returned '0': CMAKE_PREFIX_PATH=/home/bars/icarus_ws/install/ros2_control_demo_description:/home/bars/icarus_ws/install/ros2_control_demos:/home/bars/icarus_ws/install/ros2_control_demo_example_9:/home/bars/icarus_ws/install/ros2_control_demo_example_8:/home/bars/icarus_ws/install/ros2_control_demo_example_7:/home/bars/icarus_ws/install/ros2_control_demo_example_6:/home/bars/icarus_ws/install/ros2_control_demo_example_15:/home/bars/icarus_ws/install/ros2_control_demo_example_13:/home/bars/icarus_ws/install/ros2_control_demo_example_5:/home/bars/icarus_ws/install/ros2_control_demo_example_4:/home/bars/icarus_ws/install/ros2_control_demo_example_3:/home/bars/icarus_ws/install/ros2_control_demo_example_2:/home/bars/icarus_ws/install/ros2_control_demo_example_14:/home/bars/icarus_ws/install/ros2_control_demo_example_12:/home/bars/icarus_ws/install/ros2_control_demo_example_11:/home/bars/icarus_ws/install/ros2_control_demo_example_10:/home/bars/icarus_ws/install/ros2_control_demo_example_1:/opt/ros/humble /usr/bin/cmake /home/bars/icarus_ws/src/ros2_control_demos/example_9 -DAMENT_CMAKE_SYMLINK_INSTALL=1 -DCMAKE_INSTALL_PREFIX=/home/bars/icarus_ws/install/ros2_control_demo_example_9
[2.617s] DEBUG:colcon.colcon_core.event_handler.log_command:Invoking command in '/home/bars/icarus_ws/build/ros2_control_demo_example_9': CMAKE_PREFIX_PATH=/home/bars/icarus_ws/install/ros2_control_demo_description:/home/bars/icarus_ws/install/ros2_control_demos:/home/bars/icarus_ws/install/ros2_control_demo_example_9:/home/bars/icarus_ws/install/ros2_control_demo_example_8:/home/bars/icarus_ws/install/ros2_control_demo_example_7:/home/bars/icarus_ws/install/ros2_control_demo_example_6:/home/bars/icarus_ws/install/ros2_control_demo_example_15:/home/bars/icarus_ws/install/ros2_control_demo_example_13:/home/bars/icarus_ws/install/ros2_control_demo_example_5:/home/bars/icarus_ws/install/ros2_control_demo_example_4:/home/bars/icarus_ws/install/ros2_control_demo_example_3:/home/bars/icarus_ws/install/ros2_control_demo_example_2:/home/bars/icarus_ws/install/ros2_control_demo_example_14:/home/bars/icarus_ws/install/ros2_control_demo_example_12:/home/bars/icarus_ws/install/ros2_control_demo_example_11:/home/bars/icarus_ws/install/ros2_control_demo_example_10:/home/bars/icarus_ws/install/ros2_control_demo_example_1:/opt/ros/humble /usr/bin/cmake --build /home/bars/icarus_ws/build/ros2_control_demo_example_9 -- -j20 -l20
[2.621s] DEBUG:colcon.colcon_core.event_handler.log_command:Invoked command in '/home/bars/icarus_ws/build/ros2_control_demo_example_7' returned '0': CMAKE_PREFIX_PATH=/home/bars/icarus_ws/install/ros2_control_demo_description:/home/bars/icarus_ws/install/ros2_control_demos:/home/bars/icarus_ws/install/ros2_control_demo_example_9:/home/bars/icarus_ws/install/ros2_control_demo_example_8:/home/bars/icarus_ws/install/ros2_control_demo_example_7:/home/bars/icarus_ws/install/ros2_control_demo_example_6:/home/bars/icarus_ws/install/ros2_control_demo_example_15:/home/bars/icarus_ws/install/ros2_control_demo_example_13:/home/bars/icarus_ws/install/ros2_control_demo_example_5:/home/bars/icarus_ws/install/ros2_control_demo_example_4:/home/bars/icarus_ws/install/ros2_control_demo_example_3:/home/bars/icarus_ws/install/ros2_control_demo_example_2:/home/bars/icarus_ws/install/ros2_control_demo_example_14:/home/bars/icarus_ws/install/ros2_control_demo_example_12:/home/bars/icarus_ws/install/ros2_control_demo_example_11:/home/bars/icarus_ws/install/ros2_control_demo_example_10:/home/bars/icarus_ws/install/ros2_control_demo_example_1:/opt/ros/humble /usr/bin/cmake /home/bars/icarus_ws/src/ros2_control_demos/example_7 -DAMENT_CMAKE_SYMLINK_INSTALL=1 -DCMAKE_INSTALL_PREFIX=/home/bars/icarus_ws/install/ros2_control_demo_example_7
[2.623s] DEBUG:colcon.colcon_core.event_handler.log_command:Invoking command in '/home/bars/icarus_ws/build/ros2_control_demo_example_7': CMAKE_PREFIX_PATH=/home/bars/icarus_ws/install/ros2_control_demo_description:/home/bars/icarus_ws/install/ros2_control_demos:/home/bars/icarus_ws/install/ros2_control_demo_example_9:/home/bars/icarus_ws/install/ros2_control_demo_example_8:/home/bars/icarus_ws/install/ros2_control_demo_example_7:/home/bars/icarus_ws/install/ros2_control_demo_example_6:/home/bars/icarus_ws/install/ros2_control_demo_example_15:/home/bars/icarus_ws/install/ros2_control_demo_example_13:/home/bars/icarus_ws/install/ros2_control_demo_example_5:/home/bars/icarus_ws/install/ros2_control_demo_example_4:/home/bars/icarus_ws/install/ros2_control_demo_example_3:/home/bars/icarus_ws/install/ros2_control_demo_example_2:/home/bars/icarus_ws/install/ros2_control_demo_example_14:/home/bars/icarus_ws/install/ros2_control_demo_example_12:/home/bars/icarus_ws/install/ros2_control_demo_example_11:/home/bars/icarus_ws/install/ros2_control_demo_example_10:/home/bars/icarus_ws/install/ros2_control_demo_example_1:/opt/ros/humble /usr/bin/cmake --build /home/bars/icarus_ws/build/ros2_control_demo_example_7 -- -j20 -l20
[2.628s] DEBUG:colcon.colcon_core.event_handler.log_command:Invoked command in '/home/bars/icarus_ws/build/ros2_control_demo_example_12' returned '0': CMAKE_PREFIX_PATH=/home/bars/icarus_ws/install/ros2_control_demo_description:/home/bars/icarus_ws/install/ros2_control_demos:/home/bars/icarus_ws/install/ros2_control_demo_example_9:/home/bars/icarus_ws/install/ros2_control_demo_example_8:/home/bars/icarus_ws/install/ros2_control_demo_example_7:/home/bars/icarus_ws/install/ros2_control_demo_example_6:/home/bars/icarus_ws/install/ros2_control_demo_example_15:/home/bars/icarus_ws/install/ros2_control_demo_example_13:/home/bars/icarus_ws/install/ros2_control_demo_example_5:/home/bars/icarus_ws/install/ros2_control_demo_example_4:/home/bars/icarus_ws/install/ros2_control_demo_example_3:/home/bars/icarus_ws/install/ros2_control_demo_example_2:/home/bars/icarus_ws/install/ros2_control_demo_example_14:/home/bars/icarus_ws/install/ros2_control_demo_example_12:/home/bars/icarus_ws/install/ros2_control_demo_example_11:/home/bars/icarus_ws/install/ros2_control_demo_example_10:/home/bars/icarus_ws/install/ros2_control_demo_example_1:/opt/ros/humble /usr/bin/cmake /home/bars/icarus_ws/src/ros2_control_demos/example_12 -DAMENT_CMAKE_SYMLINK_INSTALL=1 -DCMAKE_INSTALL_PREFIX=/home/bars/icarus_ws/install/ros2_control_demo_example_12
[2.630s] DEBUG:colcon.colcon_core.event_handler.log_command:Invoking command in '/home/bars/icarus_ws/build/ros2_control_demo_example_12': CMAKE_PREFIX_PATH=/home/bars/icarus_ws/install/ros2_control_demo_description:/home/bars/icarus_ws/install/ros2_control_demos:/home/bars/icarus_ws/install/ros2_control_demo_example_9:/home/bars/icarus_ws/install/ros2_control_demo_example_8:/home/bars/icarus_ws/install/ros2_control_demo_example_7:/home/bars/icarus_ws/install/ros2_control_demo_example_6:/home/bars/icarus_ws/install/ros2_control_demo_example_15:/home/bars/icarus_ws/install/ros2_control_demo_example_13:/home/bars/icarus_ws/install/ros2_control_demo_example_5:/home/bars/icarus_ws/install/ros2_control_demo_example_4:/home/bars/icarus_ws/install/ros2_control_demo_example_3:/home/bars/icarus_ws/install/ros2_control_demo_example_2:/home/bars/icarus_ws/install/ros2_control_demo_example_14:/home/bars/icarus_ws/install/ros2_control_demo_example_12:/home/bars/icarus_ws/install/ros2_control_demo_example_11:/home/bars/icarus_ws/install/ros2_control_demo_example_10:/home/bars/icarus_ws/install/ros2_control_demo_example_1:/opt/ros/humble /usr/bin/cmake --build /home/bars/icarus_ws/build/ros2_control_demo_example_12 -- -j20 -l20
[2.687s] DEBUG:colcon.colcon_core.event_handler.log_command:Invoked command in '/home/bars/icarus_ws/build/ros2_control_demo_example_1' returned '0': CMAKE_PREFIX_PATH=/home/bars/icarus_ws/install/ros2_control_demo_description:/home/bars/icarus_ws/install/ros2_control_demos:/home/bars/icarus_ws/install/ros2_control_demo_example_9:/home/bars/icarus_ws/install/ros2_control_demo_example_8:/home/bars/icarus_ws/install/ros2_control_demo_example_7:/home/bars/icarus_ws/install/ros2_control_demo_example_6:/home/bars/icarus_ws/install/ros2_control_demo_example_15:/home/bars/icarus_ws/install/ros2_control_demo_example_13:/home/bars/icarus_ws/install/ros2_control_demo_example_5:/home/bars/icarus_ws/install/ros2_control_demo_example_4:/home/bars/icarus_ws/install/ros2_control_demo_example_3:/home/bars/icarus_ws/install/ros2_control_demo_example_2:/home/bars/icarus_ws/install/ros2_control_demo_example_14:/home/bars/icarus_ws/install/ros2_control_demo_example_12:/home/bars/icarus_ws/install/ros2_control_demo_example_11:/home/bars/icarus_ws/install/ros2_control_demo_example_10:/home/bars/icarus_ws/install/ros2_control_demo_example_1:/opt/ros/humble /usr/bin/cmake /home/bars/icarus_ws/src/ros2_control_demos/example_1 -DAMENT_CMAKE_SYMLINK_INSTALL=1 -DCMAKE_INSTALL_PREFIX=/home/bars/icarus_ws/install/ros2_control_demo_example_1
[2.687s] DEBUG:colcon.colcon_core.event_handler.log_command:Invoking command in '/home/bars/icarus_ws/build/ros2_control_demo_example_1': CMAKE_PREFIX_PATH=/home/bars/icarus_ws/install/ros2_control_demo_description:/home/bars/icarus_ws/install/ros2_control_demos:/home/bars/icarus_ws/install/ros2_control_demo_example_9:/home/bars/icarus_ws/install/ros2_control_demo_example_8:/home/bars/icarus_ws/install/ros2_control_demo_example_7:/home/bars/icarus_ws/install/ros2_control_demo_example_6:/home/bars/icarus_ws/install/ros2_control_demo_example_15:/home/bars/icarus_ws/install/ros2_control_demo_example_13:/home/bars/icarus_ws/install/ros2_control_demo_example_5:/home/bars/icarus_ws/install/ros2_control_demo_example_4:/home/bars/icarus_ws/install/ros2_control_demo_example_3:/home/bars/icarus_ws/install/ros2_control_demo_example_2:/home/bars/icarus_ws/install/ros2_control_demo_example_14:/home/bars/icarus_ws/install/ros2_control_demo_example_12:/home/bars/icarus_ws/install/ros2_control_demo_example_11:/home/bars/icarus_ws/install/ros2_control_demo_example_10:/home/bars/icarus_ws/install/ros2_control_demo_example_1:/opt/ros/humble /usr/bin/cmake --build /home/bars/icarus_ws/build/ros2_control_demo_example_1 -- -j20 -l20
[2.733s] DEBUG:colcon.colcon_core.event_handler.log_command:Invoked command in '/home/bars/icarus_ws/build/ros2_control_demo_example_4' returned '0': CMAKE_PREFIX_PATH=/home/bars/icarus_ws/install/ros2_control_demo_description:/home/bars/icarus_ws/install/ros2_control_demos:/home/bars/icarus_ws/install/ros2_control_demo_example_9:/home/bars/icarus_ws/install/ros2_control_demo_example_8:/home/bars/icarus_ws/install/ros2_control_demo_example_7:/home/bars/icarus_ws/install/ros2_control_demo_example_6:/home/bars/icarus_ws/install/ros2_control_demo_example_15:/home/bars/icarus_ws/install/ros2_control_demo_example_13:/home/bars/icarus_ws/install/ros2_control_demo_example_5:/home/bars/icarus_ws/install/ros2_control_demo_example_4:/home/bars/icarus_ws/install/ros2_control_demo_example_3:/home/bars/icarus_ws/install/ros2_control_demo_example_2:/home/bars/icarus_ws/install/ros2_control_demo_example_14:/home/bars/icarus_ws/install/ros2_control_demo_example_12:/home/bars/icarus_ws/install/ros2_control_demo_example_11:/home/bars/icarus_ws/install/ros2_control_demo_example_10:/home/bars/icarus_ws/install/ros2_control_demo_example_1:/opt/ros/humble /usr/bin/cmake /home/bars/icarus_ws/src/ros2_control_demos/example_4 -DAMENT_CMAKE_SYMLINK_INSTALL=1 -DCMAKE_INSTALL_PREFIX=/home/bars/icarus_ws/install/ros2_control_demo_example_4
[2.733s] DEBUG:colcon.colcon_core.event_handler.log_command:Invoking command in '/home/bars/icarus_ws/build/ros2_control_demo_example_4': CMAKE_PREFIX_PATH=/home/bars/icarus_ws/install/ros2_control_demo_description:/home/bars/icarus_ws/install/ros2_control_demos:/home/bars/icarus_ws/install/ros2_control_demo_example_9:/home/bars/icarus_ws/install/ros2_control_demo_example_8:/home/bars/icarus_ws/install/ros2_control_demo_example_7:/home/bars/icarus_ws/install/ros2_control_demo_example_6:/home/bars/icarus_ws/install/ros2_control_demo_example_15:/home/bars/icarus_ws/install/ros2_control_demo_example_13:/home/bars/icarus_ws/install/ros2_control_demo_example_5:/home/bars/icarus_ws/install/ros2_control_demo_example_4:/home/bars/icarus_ws/install/ros2_control_demo_example_3:/home/bars/icarus_ws/install/ros2_control_demo_example_2:/home/bars/icarus_ws/install/ros2_control_demo_example_14:/home/bars/icarus_ws/install/ros2_control_demo_example_12:/home/bars/icarus_ws/install/ros2_control_demo_example_11:/home/bars/icarus_ws/install/ros2_control_demo_example_10:/home/bars/icarus_ws/install/ros2_control_demo_example_1:/opt/ros/humble /usr/bin/cmake --build /home/bars/icarus_ws/build/ros2_control_demo_example_4 -- -j20 -l20
[4.941s] Level 1:colcon.colcon_core.environment:create_environment_scripts_only(ur_description)
[4.942s] DEBUG:colcon.colcon_core.event_handler.log_command:Invoked command in '/home/bars/icarus_ws/build/ur_description' returned '0': CMAKE_PREFIX_PATH=${CMAKE_PREFIX_PATH}:/opt/ros/humble /usr/bin/cmake --install /home/bars/icarus_ws/build/ur_description
[4.942s] Level 1:colcon.colcon_core.environment:checking '/home/bars/icarus_ws/install/ur_description' for CMake module files
[4.943s] Level 1:colcon.colcon_core.environment:checking '/home/bars/icarus_ws/install/ur_description' for CMake config files
[4.943s] Level 1:colcon.colcon_core.shell:create_environment_hook('ur_description', 'cmake_prefix_path')
[4.944s] INFO:colcon.colcon_core.shell:Creating environment hook '/home/bars/icarus_ws/install/ur_description/share/ur_description/hook/cmake_prefix_path.ps1'
[4.944s] INFO:colcon.colcon_core.shell:Creating environment descriptor '/home/bars/icarus_ws/install/ur_description/share/ur_description/hook/cmake_prefix_path.dsv'
[4.945s] INFO:colcon.colcon_core.shell:Creating environment hook '/home/bars/icarus_ws/install/ur_description/share/ur_description/hook/cmake_prefix_path.sh'
[4.945s] Level 1:colcon.colcon_core.environment:checking '/home/bars/icarus_ws/install/ur_description/bin'
[4.945s] Level 1:colcon.colcon_core.environment:checking '/home/bars/icarus_ws/install/ur_description/lib/pkgconfig/ur_description.pc'
[4.946s] Level 1:colcon.colcon_core.environment:checking '/home/bars/icarus_ws/install/ur_description/lib/python3.10/site-packages'
[4.946s] Level 1:colcon.colcon_core.environment:checking '/home/bars/icarus_ws/install/ur_description/bin'
[4.946s] INFO:colcon.colcon_core.shell:Creating package script '/home/bars/icarus_ws/install/ur_description/share/ur_description/package.ps1'
[4.947s] INFO:colcon.colcon_core.shell:Creating package descriptor '/home/bars/icarus_ws/install/ur_description/share/ur_description/package.dsv'
[4.947s] INFO:colcon.colcon_core.shell:Creating package script '/home/bars/icarus_ws/install/ur_description/share/ur_description/package.sh'
[4.948s] INFO:colcon.colcon_core.shell:Creating package script '/home/bars/icarus_ws/install/ur_description/share/ur_description/package.bash'
[4.948s] INFO:colcon.colcon_core.shell:Creating package script '/home/bars/icarus_ws/install/ur_description/share/ur_description/package.zsh'
[4.948s] Level 1:colcon.colcon_core.environment:create_file_with_runtime_dependencies(/home/bars/icarus_ws/install/ur_description/share/colcon-core/packages/ur_description)
[4.949s] Level 1:colcon.colcon_core.environment:create_environment_scripts_only(ur_description)
[4.949s] Level 1:colcon.colcon_core.environment:checking '/home/bars/icarus_ws/install/ur_description' for CMake module files
[4.950s] Level 1:colcon.colcon_core.environment:checking '/home/bars/icarus_ws/install/ur_description' for CMake config files
[4.950s] Level 1:colcon.colcon_core.shell:create_environment_hook('ur_description', 'cmake_prefix_path')
[4.950s] INFO:colcon.colcon_core.shell:Creating environment hook '/home/bars/icarus_ws/install/ur_description/share/ur_description/hook/cmake_prefix_path.ps1'
[4.951s] INFO:colcon.colcon_core.shell:Creating environment descriptor '/home/bars/icarus_ws/install/ur_description/share/ur_description/hook/cmake_prefix_path.dsv'
[4.951s] INFO:colcon.colcon_core.shell:Creating environment hook '/home/bars/icarus_ws/install/ur_description/share/ur_description/hook/cmake_prefix_path.sh'
[4.952s] Level 1:colcon.colcon_core.environment:checking '/home/bars/icarus_ws/install/ur_description/bin'
[4.952s] Level 1:colcon.colcon_core.environment:checking '/home/bars/icarus_ws/install/ur_description/lib/pkgconfig/ur_description.pc'
[4.952s] Level 1:colcon.colcon_core.environment:checking '/home/bars/icarus_ws/install/ur_description/lib/python3.10/site-packages'
[4.953s] Level 1:colcon.colcon_core.environment:checking '/home/bars/icarus_ws/install/ur_description/bin'
[4.953s] INFO:colcon.colcon_core.shell:Creating package script '/home/bars/icarus_ws/install/ur_description/share/ur_description/package.ps1'
[4.954s] INFO:colcon.colcon_core.shell:Creating package descriptor '/home/bars/icarus_ws/install/ur_description/share/ur_description/package.dsv'
[4.954s] INFO:colcon.colcon_core.shell:Creating package script '/home/bars/icarus_ws/install/ur_description/share/ur_description/package.sh'
[4.955s] INFO:colcon.colcon_core.shell:Creating package script '/home/bars/icarus_ws/install/ur_description/share/ur_description/package.bash'
[4.956s] INFO:colcon.colcon_core.shell:Creating package script '/home/bars/icarus_ws/install/ur_description/share/ur_description/package.zsh'
[4.956s] Level 1:colcon.colcon_core.environment:create_file_with_runtime_dependencies(/home/bars/icarus_ws/install/ur_description/share/colcon-core/packages/ur_description)
[4.957s] INFO:colcon.colcon_ros.task.ament_cmake.build:Building ROS package in '/home/bars/icarus_ws/src/Universal_Robots_ROS2_Gazebo_Simulation/ur_simulation_gazebo' with build type 'ament_cmake'
[4.957s] INFO:colcon.colcon_cmake.task.cmake.build:Building CMake package in '/home/bars/icarus_ws/src/Universal_Robots_ROS2_Gazebo_Simulation/ur_simulation_gazebo'
[4.957s] INFO:colcon.colcon_core.shell:Skip shell extension 'powershell' for command environment: Not usable outside of PowerShell
[4.957s] DEBUG:colcon.colcon_core.shell:Skip shell extension 'dsv' for command environment
[4.967s] DEBUG:colcon.colcon_core.event_handler.log_command:Invoking command in '/home/bars/icarus_ws/build/ur_simulation_gazebo': AMENT_PREFIX_PATH=/home/bars/icarus_ws/install/ur_description:${AMENT_PREFIX_PATH} CMAKE_PREFIX_PATH=/home/bars/icarus_ws/install/ur_description:/home/bars/icarus_ws/install/ros2_control_demos:/home/bars/icarus_ws/install/ros2_control_demo_example_9:/home/bars/icarus_ws/install/ros2_control_demo_example_8:/home/bars/icarus_ws/install/ros2_control_demo_example_7:/home/bars/icarus_ws/install/ros2_control_demo_example_6:/home/bars/icarus_ws/install/ros2_control_demo_example_15:/home/bars/icarus_ws/install/ros2_control_demo_example_13:/home/bars/icarus_ws/install/ros2_control_demo_example_5:/home/bars/icarus_ws/install/ros2_control_demo_example_4:/home/bars/icarus_ws/install/ros2_control_demo_example_3:/home/bars/icarus_ws/install/ros2_control_demo_example_2:/home/bars/icarus_ws/install/ros2_control_demo_example_14:/home/bars/icarus_ws/install/ros2_control_demo_example_12:/home/bars/icarus_ws/install/ros2_control_demo_example_11:/home/bars/icarus_ws/install/ros2_control_demo_example_10:/home/bars/icarus_ws/install/ros2_control_demo_example_1:/home/bars/icarus_ws/install/ros2_control_demo_description:/opt/ros/humble /usr/bin/cmake /home/bars/icarus_ws/src/Universal_Robots_ROS2_Gazebo_Simulation/ur_simulation_gazebo -DAMENT_CMAKE_SYMLINK_INSTALL=1 -DCMAKE_INSTALL_PREFIX=/home/bars/icarus_ws/install/ur_simulation_gazebo
[5.018s] DEBUG:colcon.colcon_core.event_handler.log_command:Invoked command in '/home/bars/icarus_ws/build/ros2_control_demo_example_8' returned '0': CMAKE_PREFIX_PATH=/home/bars/icarus_ws/install/ros2_control_demo_description:/home/bars/icarus_ws/install/ros2_control_demos:/home/bars/icarus_ws/install/ros2_control_demo_example_9:/home/bars/icarus_ws/install/ros2_control_demo_example_8:/home/bars/icarus_ws/install/ros2_control_demo_example_7:/home/bars/icarus_ws/install/ros2_control_demo_example_6:/home/bars/icarus_ws/install/ros2_control_demo_example_15:/home/bars/icarus_ws/install/ros2_control_demo_example_13:/home/bars/icarus_ws/install/ros2_control_demo_example_5:/home/bars/icarus_ws/install/ros2_control_demo_example_4:/home/bars/icarus_ws/install/ros2_control_demo_example_3:/home/bars/icarus_ws/install/ros2_control_demo_example_2:/home/bars/icarus_ws/install/ros2_control_demo_example_14:/home/bars/icarus_ws/install/ros2_control_demo_example_12:/home/bars/icarus_ws/install/ros2_control_demo_example_11:/home/bars/icarus_ws/install/ros2_control_demo_example_10:/home/bars/icarus_ws/install/ros2_control_demo_example_1:/opt/ros/humble /usr/bin/cmake --build /home/bars/icarus_ws/build/ros2_control_demo_example_8 -- -j20 -l20
[5.018s] DEBUG:colcon.colcon_core.event_handler.log_command:Invoking command in '/home/bars/icarus_ws/build/ros2_control_demo_example_8': CMAKE_PREFIX_PATH=/home/bars/icarus_ws/install/ros2_control_demo_description:/home/bars/icarus_ws/install/ros2_control_demos:/home/bars/icarus_ws/install/ros2_control_demo_example_9:/home/bars/icarus_ws/install/ros2_control_demo_example_8:/home/bars/icarus_ws/install/ros2_control_demo_example_7:/home/bars/icarus_ws/install/ros2_control_demo_example_6:/home/bars/icarus_ws/install/ros2_control_demo_example_15:/home/bars/icarus_ws/install/ros2_control_demo_example_13:/home/bars/icarus_ws/install/ros2_control_demo_example_5:/home/bars/icarus_ws/install/ros2_control_demo_example_4:/home/bars/icarus_ws/install/ros2_control_demo_example_3:/home/bars/icarus_ws/install/ros2_control_demo_example_2:/home/bars/icarus_ws/install/ros2_control_demo_example_14:/home/bars/icarus_ws/install/ros2_control_demo_example_12:/home/bars/icarus_ws/install/ros2_control_demo_example_11:/home/bars/icarus_ws/install/ros2_control_demo_example_10:/home/bars/icarus_ws/install/ros2_control_demo_example_1:/opt/ros/humble /usr/bin/cmake --install /home/bars/icarus_ws/build/ros2_control_demo_example_8
[8.090s] DEBUG:colcon.colcon_core.event_handler.log_command:Invoked command in '/home/bars/icarus_ws/build/ros2_control_demo_example_1' returned '0': CMAKE_PREFIX_PATH=/home/bars/icarus_ws/install/ros2_control_demo_description:/home/bars/icarus_ws/install/ros2_control_demos:/home/bars/icarus_ws/install/ros2_control_demo_example_9:/home/bars/icarus_ws/install/ros2_control_demo_example_8:/home/bars/icarus_ws/install/ros2_control_demo_example_7:/home/bars/icarus_ws/install/ros2_control_demo_example_6:/home/bars/icarus_ws/install/ros2_control_demo_example_15:/home/bars/icarus_ws/install/ros2_control_demo_example_13:/home/bars/icarus_ws/install/ros2_control_demo_example_5:/home/bars/icarus_ws/install/ros2_control_demo_example_4:/home/bars/icarus_ws/install/ros2_control_demo_example_3:/home/bars/icarus_ws/install/ros2_control_demo_example_2:/home/bars/icarus_ws/install/ros2_control_demo_example_14:/home/bars/icarus_ws/install/ros2_control_demo_example_12:/home/bars/icarus_ws/install/ros2_control_demo_example_11:/home/bars/icarus_ws/install/ros2_control_demo_example_10:/home/bars/icarus_ws/install/ros2_control_demo_example_1:/opt/ros/humble /usr/bin/cmake --build /home/bars/icarus_ws/build/ros2_control_demo_example_1 -- -j20 -l20
[8.095s] DEBUG:colcon.colcon_core.event_handler.log_command:Invoking command in '/home/bars/icarus_ws/build/ros2_control_demo_example_1': CMAKE_PREFIX_PATH=/home/bars/icarus_ws/install/ros2_control_demo_description:/home/bars/icarus_ws/install/ros2_control_demos:/home/bars/icarus_ws/install/ros2_control_demo_example_9:/home/bars/icarus_ws/install/ros2_control_demo_example_8:/home/bars/icarus_ws/install/ros2_control_demo_example_7:/home/bars/icarus_ws/install/ros2_control_demo_example_6:/home/bars/icarus_ws/install/ros2_control_demo_example_15:/home/bars/icarus_ws/install/ros2_control_demo_example_13:/home/bars/icarus_ws/install/ros2_control_demo_example_5:/home/bars/icarus_ws/install/ros2_control_demo_example_4:/home/bars/icarus_ws/install/ros2_control_demo_example_3:/home/bars/icarus_ws/install/ros2_control_demo_example_2:/home/bars/icarus_ws/install/ros2_control_demo_example_14:/home/bars/icarus_ws/install/ros2_control_demo_example_12:/home/bars/icarus_ws/install/ros2_control_demo_example_11:/home/bars/icarus_ws/install/ros2_control_demo_example_10:/home/bars/icarus_ws/install/ros2_control_demo_example_1:/opt/ros/humble /usr/bin/cmake --install /home/bars/icarus_ws/build/ros2_control_demo_example_1
[8.095s] DEBUG:colcon.colcon_core.event_handler.log_command:Invoked command in '/home/bars/icarus_ws/build/ur_simulation_gazebo' returned '0': AMENT_PREFIX_PATH=/home/bars/icarus_ws/install/ur_description:${AMENT_PREFIX_PATH} CMAKE_PREFIX_PATH=/home/bars/icarus_ws/install/ur_description:/home/bars/icarus_ws/install/ros2_control_demos:/home/bars/icarus_ws/install/ros2_control_demo_example_9:/home/bars/icarus_ws/install/ros2_control_demo_example_8:/home/bars/icarus_ws/install/ros2_control_demo_example_7:/home/bars/icarus_ws/install/ros2_control_demo_example_6:/home/bars/icarus_ws/install/ros2_control_demo_example_15:/home/bars/icarus_ws/install/ros2_control_demo_example_13:/home/bars/icarus_ws/install/ros2_control_demo_example_5:/home/bars/icarus_ws/install/ros2_control_demo_example_4:/home/bars/icarus_ws/install/ros2_control_demo_example_3:/home/bars/icarus_ws/install/ros2_control_demo_example_2:/home/bars/icarus_ws/install/ros2_control_demo_example_14:/home/bars/icarus_ws/install/ros2_control_demo_example_12:/home/bars/icarus_ws/install/ros2_control_demo_example_11:/home/bars/icarus_ws/install/ros2_control_demo_example_10:/home/bars/icarus_ws/install/ros2_control_demo_example_1:/home/bars/icarus_ws/install/ros2_control_demo_description:/opt/ros/humble /usr/bin/cmake /home/bars/icarus_ws/src/Universal_Robots_ROS2_Gazebo_Simulation/ur_simulation_gazebo -DAMENT_CMAKE_SYMLINK_INSTALL=1 -DCMAKE_INSTALL_PREFIX=/home/bars/icarus_ws/install/ur_simulation_gazebo
[8.098s] DEBUG:colcon.colcon_core.event_handler.log_command:Invoking command in '/home/bars/icarus_ws/build/ur_simulation_gazebo': AMENT_PREFIX_PATH=/home/bars/icarus_ws/install/ur_description:${AMENT_PREFIX_PATH} CMAKE_PREFIX_PATH=/home/bars/icarus_ws/install/ur_description:/home/bars/icarus_ws/install/ros2_control_demos:/home/bars/icarus_ws/install/ros2_control_demo_example_9:/home/bars/icarus_ws/install/ros2_control_demo_example_8:/home/bars/icarus_ws/install/ros2_control_demo_example_7:/home/bars/icarus_ws/install/ros2_control_demo_example_6:/home/bars/icarus_ws/install/ros2_control_demo_example_15:/home/bars/icarus_ws/install/ros2_control_demo_example_13:/home/bars/icarus_ws/install/ros2_control_demo_example_5:/home/bars/icarus_ws/install/ros2_control_demo_example_4:/home/bars/icarus_ws/install/ros2_control_demo_example_3:/home/bars/icarus_ws/install/ros2_control_demo_example_2:/home/bars/icarus_ws/install/ros2_control_demo_example_14:/home/bars/icarus_ws/install/ros2_control_demo_example_12:/home/bars/icarus_ws/install/ros2_control_demo_example_11:/home/bars/icarus_ws/install/ros2_control_demo_example_10:/home/bars/icarus_ws/install/ros2_control_demo_example_1:/home/bars/icarus_ws/install/ros2_control_demo_description:/opt/ros/humble /usr/bin/cmake --build /home/bars/icarus_ws/build/ur_simulation_gazebo -- -j20 -l20
[8.098s] Level 1:colcon.colcon_core.environment:create_environment_scripts_only(ros2_control_demo_example_8)
[8.098s] Level 1:colcon.colcon_core.environment:checking '/home/bars/icarus_ws/install/ros2_control_demo_example_8' for CMake module files
[8.099s] DEBUG:colcon.colcon_core.event_handler.log_command:Invoked command in '/home/bars/icarus_ws/build/ros2_control_demo_example_8' returned '0': CMAKE_PREFIX_PATH=/home/bars/icarus_ws/install/ros2_control_demo_description:/home/bars/icarus_ws/install/ros2_control_demos:/home/bars/icarus_ws/install/ros2_control_demo_example_9:/home/bars/icarus_ws/install/ros2_control_demo_example_8:/home/bars/icarus_ws/install/ros2_control_demo_example_7:/home/bars/icarus_ws/install/ros2_control_demo_example_6:/home/bars/icarus_ws/install/ros2_control_demo_example_15:/home/bars/icarus_ws/install/ros2_control_demo_example_13:/home/bars/icarus_ws/install/ros2_control_demo_example_5:/home/bars/icarus_ws/install/ros2_control_demo_example_4:/home/bars/icarus_ws/install/ros2_control_demo_example_3:/home/bars/icarus_ws/install/ros2_control_demo_example_2:/home/bars/icarus_ws/install/ros2_control_demo_example_14:/home/bars/icarus_ws/install/ros2_control_demo_example_12:/home/bars/icarus_ws/install/ros2_control_demo_example_11:/home/bars/icarus_ws/install/ros2_control_demo_example_10:/home/bars/icarus_ws/install/ros2_control_demo_example_1:/opt/ros/humble /usr/bin/cmake --install /home/bars/icarus_ws/build/ros2_control_demo_example_8
[8.100s] Level 1:colcon.colcon_core.environment:checking '/home/bars/icarus_ws/install/ros2_control_demo_example_8' for CMake config files
[8.100s] Level 1:colcon.colcon_core.shell:create_environment_hook('ros2_control_demo_example_8', 'cmake_prefix_path')
[8.101s] INFO:colcon.colcon_core.shell:Creating environment hook '/home/bars/icarus_ws/install/ros2_control_demo_example_8/share/ros2_control_demo_example_8/hook/cmake_prefix_path.ps1'
[8.103s] INFO:colcon.colcon_core.shell:Creating environment descriptor '/home/bars/icarus_ws/install/ros2_control_demo_example_8/share/ros2_control_demo_example_8/hook/cmake_prefix_path.dsv'
[8.103s] INFO:colcon.colcon_core.shell:Creating environment hook '/home/bars/icarus_ws/install/ros2_control_demo_example_8/share/ros2_control_demo_example_8/hook/cmake_prefix_path.sh'
[8.104s] Level 1:colcon.colcon_core.environment:checking '/home/bars/icarus_ws/install/ros2_control_demo_example_8/lib'
[8.104s] Level 1:colcon.colcon_core.shell:create_environment_hook('ros2_control_demo_example_8', 'ld_library_path_lib')
[8.104s] INFO:colcon.colcon_core.shell:Creating environment hook '/home/bars/icarus_ws/install/ros2_control_demo_example_8/share/ros2_control_demo_example_8/hook/ld_library_path_lib.ps1'
[8.105s] INFO:colcon.colcon_core.shell:Creating environment descriptor '/home/bars/icarus_ws/install/ros2_control_demo_example_8/share/ros2_control_demo_example_8/hook/ld_library_path_lib.dsv'
[8.105s] INFO:colcon.colcon_core.shell:Creating environment hook '/home/bars/icarus_ws/install/ros2_control_demo_example_8/share/ros2_control_demo_example_8/hook/ld_library_path_lib.sh'
[8.105s] Level 1:colcon.colcon_core.environment:checking '/home/bars/icarus_ws/install/ros2_control_demo_example_8/bin'
[8.105s] Level 1:colcon.colcon_core.environment:checking '/home/bars/icarus_ws/install/ros2_control_demo_example_8/lib/pkgconfig/ros2_control_demo_example_8.pc'
[8.106s] Level 1:colcon.colcon_core.environment:checking '/home/bars/icarus_ws/install/ros2_control_demo_example_8/lib/python3.10/site-packages'
[8.106s] Level 1:colcon.colcon_core.environment:checking '/home/bars/icarus_ws/install/ros2_control_demo_example_8/bin'
[8.106s] INFO:colcon.colcon_core.shell:Creating package script '/home/bars/icarus_ws/install/ros2_control_demo_example_8/share/ros2_control_demo_example_8/package.ps1'
[8.107s] INFO:colcon.colcon_core.shell:Creating package descriptor '/home/bars/icarus_ws/install/ros2_control_demo_example_8/share/ros2_control_demo_example_8/package.dsv'
[8.107s] INFO:colcon.colcon_core.shell:Creating package script '/home/bars/icarus_ws/install/ros2_control_demo_example_8/share/ros2_control_demo_example_8/package.sh'
[8.108s] INFO:colcon.colcon_core.shell:Creating package script '/home/bars/icarus_ws/install/ros2_control_demo_example_8/share/ros2_control_demo_example_8/package.bash'
[8.109s] INFO:colcon.colcon_core.shell:Creating package script '/home/bars/icarus_ws/install/ros2_control_demo_example_8/share/ros2_control_demo_example_8/package.zsh'
[8.109s] Level 1:colcon.colcon_core.environment:create_file_with_runtime_dependencies(/home/bars/icarus_ws/install/ros2_control_demo_example_8/share/colcon-core/packages/ros2_control_demo_example_8)
[8.110s] Level 1:colcon.colcon_core.environment:create_environment_scripts_only(ros2_control_demo_example_8)
[8.111s] Level 1:colcon.colcon_core.environment:checking '/home/bars/icarus_ws/install/ros2_control_demo_example_8' for CMake module files
[8.111s] Level 1:colcon.colcon_core.environment:checking '/home/bars/icarus_ws/install/ros2_control_demo_example_8' for CMake config files
[8.112s] Level 1:colcon.colcon_core.shell:create_environment_hook('ros2_control_demo_example_8', 'cmake_prefix_path')
[8.112s] INFO:colcon.colcon_core.shell:Creating environment hook '/home/bars/icarus_ws/install/ros2_control_demo_example_8/share/ros2_control_demo_example_8/hook/cmake_prefix_path.ps1'
[8.113s] INFO:colcon.colcon_core.shell:Creating environment descriptor '/home/bars/icarus_ws/install/ros2_control_demo_example_8/share/ros2_control_demo_example_8/hook/cmake_prefix_path.dsv'
[8.114s] INFO:colcon.colcon_core.shell:Creating environment hook '/home/bars/icarus_ws/install/ros2_control_demo_example_8/share/ros2_control_demo_example_8/hook/cmake_prefix_path.sh'
[8.115s] Level 1:colcon.colcon_core.environment:checking '/home/bars/icarus_ws/install/ros2_control_demo_example_8/lib'
[8.115s] Level 1:colcon.colcon_core.shell:create_environment_hook('ros2_control_demo_example_8', 'ld_library_path_lib')
[8.116s] INFO:colcon.colcon_core.shell:Creating environment hook '/home/bars/icarus_ws/install/ros2_control_demo_example_8/share/ros2_control_demo_example_8/hook/ld_library_path_lib.ps1'
[8.117s] INFO:colcon.colcon_core.shell:Creating environment descriptor '/home/bars/icarus_ws/install/ros2_control_demo_example_8/share/ros2_control_demo_example_8/hook/ld_library_path_lib.dsv'
[8.117s] INFO:colcon.colcon_core.shell:Creating environment hook '/home/bars/icarus_ws/install/ros2_control_demo_example_8/share/ros2_control_demo_example_8/hook/ld_library_path_lib.sh'
[8.118s] Level 1:colcon.colcon_core.environment:checking '/home/bars/icarus_ws/install/ros2_control_demo_example_8/bin'
[8.118s] Level 1:colcon.colcon_core.environment:checking '/home/bars/icarus_ws/install/ros2_control_demo_example_8/lib/pkgconfig/ros2_control_demo_example_8.pc'
[8.119s] Level 1:colcon.colcon_core.environment:checking '/home/bars/icarus_ws/install/ros2_control_demo_example_8/lib/python3.10/site-packages'
[8.119s] Level 1:colcon.colcon_core.environment:checking '/home/bars/icarus_ws/install/ros2_control_demo_example_8/bin'
[8.120s] INFO:colcon.colcon_core.shell:Creating package script '/home/bars/icarus_ws/install/ros2_control_demo_example_8/share/ros2_control_demo_example_8/package.ps1'
[8.121s] INFO:colcon.colcon_core.shell:Creating package descriptor '/home/bars/icarus_ws/install/ros2_control_demo_example_8/share/ros2_control_demo_example_8/package.dsv'
[8.122s] INFO:colcon.colcon_core.shell:Creating package script '/home/bars/icarus_ws/install/ros2_control_demo_example_8/share/ros2_control_demo_example_8/package.sh'
[8.122s] INFO:colcon.colcon_core.shell:Creating package script '/home/bars/icarus_ws/install/ros2_control_demo_example_8/share/ros2_control_demo_example_8/package.bash'
[8.123s] INFO:colcon.colcon_core.shell:Creating package script '/home/bars/icarus_ws/install/ros2_control_demo_example_8/share/ros2_control_demo_example_8/package.zsh'
[8.123s] Level 1:colcon.colcon_core.environment:create_file_with_runtime_dependencies(/home/bars/icarus_ws/install/ros2_control_demo_example_8/share/colcon-core/packages/ros2_control_demo_example_8)
[8.126s] DEBUG:colcon.colcon_core.event_handler.log_command:Invoked command in '/home/bars/icarus_ws/build/ros2_control_demo_example_5' returned '0': CMAKE_PREFIX_PATH=/home/bars/icarus_ws/install/ros2_control_demo_description:/home/bars/icarus_ws/install/ros2_control_demos:/home/bars/icarus_ws/install/ros2_control_demo_example_9:/home/bars/icarus_ws/install/ros2_control_demo_example_8:/home/bars/icarus_ws/install/ros2_control_demo_example_7:/home/bars/icarus_ws/install/ros2_control_demo_example_6:/home/bars/icarus_ws/install/ros2_control_demo_example_15:/home/bars/icarus_ws/install/ros2_control_demo_example_13:/home/bars/icarus_ws/install/ros2_control_demo_example_5:/home/bars/icarus_ws/install/ros2_control_demo_example_4:/home/bars/icarus_ws/install/ros2_control_demo_example_3:/home/bars/icarus_ws/install/ros2_control_demo_example_2:/home/bars/icarus_ws/install/ros2_control_demo_example_14:/home/bars/icarus_ws/install/ros2_control_demo_example_12:/home/bars/icarus_ws/install/ros2_control_demo_example_11:/home/bars/icarus_ws/install/ros2_control_demo_example_10:/home/bars/icarus_ws/install/ros2_control_demo_example_1:/opt/ros/humble /usr/bin/cmake --build /home/bars/icarus_ws/build/ros2_control_demo_example_5 -- -j20 -l20
[8.129s] DEBUG:colcon.colcon_core.event_handler.log_command:Invoking command in '/home/bars/icarus_ws/build/ros2_control_demo_example_5': CMAKE_PREFIX_PATH=/home/bars/icarus_ws/install/ros2_control_demo_description:/home/bars/icarus_ws/install/ros2_control_demos:/home/bars/icarus_ws/install/ros2_control_demo_example_9:/home/bars/icarus_ws/install/ros2_control_demo_example_8:/home/bars/icarus_ws/install/ros2_control_demo_example_7:/home/bars/icarus_ws/install/ros2_control_demo_example_6:/home/bars/icarus_ws/install/ros2_control_demo_example_15:/home/bars/icarus_ws/install/ros2_control_demo_example_13:/home/bars/icarus_ws/install/ros2_control_demo_example_5:/home/bars/icarus_ws/install/ros2_control_demo_example_4:/home/bars/icarus_ws/install/ros2_control_demo_example_3:/home/bars/icarus_ws/install/ros2_control_demo_example_2:/home/bars/icarus_ws/install/ros2_control_demo_example_14:/home/bars/icarus_ws/install/ros2_control_demo_example_12:/home/bars/icarus_ws/install/ros2_control_demo_example_11:/home/bars/icarus_ws/install/ros2_control_demo_example_10:/home/bars/icarus_ws/install/ros2_control_demo_example_1:/opt/ros/humble /usr/bin/cmake --install /home/bars/icarus_ws/build/ros2_control_demo_example_5
[8.145s] DEBUG:colcon.colcon_core.event_handler.log_command:Invoked command in '/home/bars/icarus_ws/build/ur_simulation_gazebo' returned '0': AMENT_PREFIX_PATH=/home/bars/icarus_ws/install/ur_description:${AMENT_PREFIX_PATH} CMAKE_PREFIX_PATH=/home/bars/icarus_ws/install/ur_description:/home/bars/icarus_ws/install/ros2_control_demos:/home/bars/icarus_ws/install/ros2_control_demo_example_9:/home/bars/icarus_ws/install/ros2_control_demo_example_8:/home/bars/icarus_ws/install/ros2_control_demo_example_7:/home/bars/icarus_ws/install/ros2_control_demo_example_6:/home/bars/icarus_ws/install/ros2_control_demo_example_15:/home/bars/icarus_ws/install/ros2_control_demo_example_13:/home/bars/icarus_ws/install/ros2_control_demo_example_5:/home/bars/icarus_ws/install/ros2_control_demo_example_4:/home/bars/icarus_ws/install/ros2_control_demo_example_3:/home/bars/icarus_ws/install/ros2_control_demo_example_2:/home/bars/icarus_ws/install/ros2_control_demo_example_14:/home/bars/icarus_ws/install/ros2_control_demo_example_12:/home/bars/icarus_ws/install/ros2_control_demo_example_11:/home/bars/icarus_ws/install/ros2_control_demo_example_10:/home/bars/icarus_ws/install/ros2_control_demo_example_1:/home/bars/icarus_ws/install/ros2_control_demo_description:/opt/ros/humble /usr/bin/cmake --build /home/bars/icarus_ws/build/ur_simulation_gazebo -- -j20 -l20
[8.148s] DEBUG:colcon.colcon_core.event_handler.log_command:Invoking command in '/home/bars/icarus_ws/build/ur_simulation_gazebo': AMENT_PREFIX_PATH=/home/bars/icarus_ws/install/ur_description:${AMENT_PREFIX_PATH} CMAKE_PREFIX_PATH=/home/bars/icarus_ws/install/ur_description:/home/bars/icarus_ws/install/ros2_control_demos:/home/bars/icarus_ws/install/ros2_control_demo_example_9:/home/bars/icarus_ws/install/ros2_control_demo_example_8:/home/bars/icarus_ws/install/ros2_control_demo_example_7:/home/bars/icarus_ws/install/ros2_control_demo_example_6:/home/bars/icarus_ws/install/ros2_control_demo_example_15:/home/bars/icarus_ws/install/ros2_control_demo_example_13:/home/bars/icarus_ws/install/ros2_control_demo_example_5:/home/bars/icarus_ws/install/ros2_control_demo_example_4:/home/bars/icarus_ws/install/ros2_control_demo_example_3:/home/bars/icarus_ws/install/ros2_control_demo_example_2:/home/bars/icarus_ws/install/ros2_control_demo_example_14:/home/bars/icarus_ws/install/ros2_control_demo_example_12:/home/bars/icarus_ws/install/ros2_control_demo_example_11:/home/bars/icarus_ws/install/ros2_control_demo_example_10:/home/bars/icarus_ws/install/ros2_control_demo_example_1:/home/bars/icarus_ws/install/ros2_control_demo_description:/opt/ros/humble /usr/bin/cmake --install /home/bars/icarus_ws/build/ur_simulation_gazebo
[8.151s] DEBUG:colcon.colcon_core.event_handler.log_command:Invoked command in '/home/bars/icarus_ws/build/ros2_control_demo_example_11' returned '0': CMAKE_PREFIX_PATH=/home/bars/icarus_ws/install/ros2_control_demo_description:/home/bars/icarus_ws/install/ros2_control_demos:/home/bars/icarus_ws/install/ros2_control_demo_example_9:/home/bars/icarus_ws/install/ros2_control_demo_example_8:/home/bars/icarus_ws/install/ros2_control_demo_example_7:/home/bars/icarus_ws/install/ros2_control_demo_example_6:/home/bars/icarus_ws/install/ros2_control_demo_example_15:/home/bars/icarus_ws/install/ros2_control_demo_example_13:/home/bars/icarus_ws/install/ros2_control_demo_example_5:/home/bars/icarus_ws/install/ros2_control_demo_example_4:/home/bars/icarus_ws/install/ros2_control_demo_example_3:/home/bars/icarus_ws/install/ros2_control_demo_example_2:/home/bars/icarus_ws/install/ros2_control_demo_example_14:/home/bars/icarus_ws/install/ros2_control_demo_example_12:/home/bars/icarus_ws/install/ros2_control_demo_example_11:/home/bars/icarus_ws/install/ros2_control_demo_example_10:/home/bars/icarus_ws/install/ros2_control_demo_example_1:/opt/ros/humble /usr/bin/cmake --build /home/bars/icarus_ws/build/ros2_control_demo_example_11 -- -j20 -l20
[8.154s] DEBUG:colcon.colcon_core.event_handler.log_command:Invoking command in '/home/bars/icarus_ws/build/ros2_control_demo_example_11': CMAKE_PREFIX_PATH=/home/bars/icarus_ws/install/ros2_control_demo_description:/home/bars/icarus_ws/install/ros2_control_demos:/home/bars/icarus_ws/install/ros2_control_demo_example_9:/home/bars/icarus_ws/install/ros2_control_demo_example_8:/home/bars/icarus_ws/install/ros2_control_demo_example_7:/home/bars/icarus_ws/install/ros2_control_demo_example_6:/home/bars/icarus_ws/install/ros2_control_demo_example_15:/home/bars/icarus_ws/install/ros2_control_demo_example_13:/home/bars/icarus_ws/install/ros2_control_demo_example_5:/home/bars/icarus_ws/install/ros2_control_demo_example_4:/home/bars/icarus_ws/install/ros2_control_demo_example_3:/home/bars/icarus_ws/install/ros2_control_demo_example_2:/home/bars/icarus_ws/install/ros2_control_demo_example_14:/home/bars/icarus_ws/install/ros2_control_demo_example_12:/home/bars/icarus_ws/install/ros2_control_demo_example_11:/home/bars/icarus_ws/install/ros2_control_demo_example_10:/home/bars/icarus_ws/install/ros2_control_demo_example_1:/opt/ros/humble /usr/bin/cmake --install /home/bars/icarus_ws/build/ros2_control_demo_example_11
[8.170s] DEBUG:colcon.colcon_core.event_handler.log_command:Invoked command in '/home/bars/icarus_ws/build/ros2_control_demo_example_6' returned '0': CMAKE_PREFIX_PATH=/home/bars/icarus_ws/install/ros2_control_demo_description:/home/bars/icarus_ws/install/ros2_control_demos:/home/bars/icarus_ws/install/ros2_control_demo_example_9:/home/bars/icarus_ws/install/ros2_control_demo_example_8:/home/bars/icarus_ws/install/ros2_control_demo_example_7:/home/bars/icarus_ws/install/ros2_control_demo_example_6:/home/bars/icarus_ws/install/ros2_control_demo_example_15:/home/bars/icarus_ws/install/ros2_control_demo_example_13:/home/bars/icarus_ws/install/ros2_control_demo_example_5:/home/bars/icarus_ws/install/ros2_control_demo_example_4:/home/bars/icarus_ws/install/ros2_control_demo_example_3:/home/bars/icarus_ws/install/ros2_control_demo_example_2:/home/bars/icarus_ws/install/ros2_control_demo_example_14:/home/bars/icarus_ws/install/ros2_control_demo_example_12:/home/bars/icarus_ws/install/ros2_control_demo_example_11:/home/bars/icarus_ws/install/ros2_control_demo_example_10:/home/bars/icarus_ws/install/ros2_control_demo_example_1:/opt/ros/humble /usr/bin/cmake --build /home/bars/icarus_ws/build/ros2_control_demo_example_6 -- -j20 -l20
[8.172s] DEBUG:colcon.colcon_core.event_handler.log_command:Invoking command in '/home/bars/icarus_ws/build/ros2_control_demo_example_6': CMAKE_PREFIX_PATH=/home/bars/icarus_ws/install/ros2_control_demo_description:/home/bars/icarus_ws/install/ros2_control_demos:/home/bars/icarus_ws/install/ros2_control_demo_example_9:/home/bars/icarus_ws/install/ros2_control_demo_example_8:/home/bars/icarus_ws/install/ros2_control_demo_example_7:/home/bars/icarus_ws/install/ros2_control_demo_example_6:/home/bars/icarus_ws/install/ros2_control_demo_example_15:/home/bars/icarus_ws/install/ros2_control_demo_example_13:/home/bars/icarus_ws/install/ros2_control_demo_example_5:/home/bars/icarus_ws/install/ros2_control_demo_example_4:/home/bars/icarus_ws/install/ros2_control_demo_example_3:/home/bars/icarus_ws/install/ros2_control_demo_example_2:/home/bars/icarus_ws/install/ros2_control_demo_example_14:/home/bars/icarus_ws/install/ros2_control_demo_example_12:/home/bars/icarus_ws/install/ros2_control_demo_example_11:/home/bars/icarus_ws/install/ros2_control_demo_example_10:/home/bars/icarus_ws/install/ros2_control_demo_example_1:/opt/ros/humble /usr/bin/cmake --install /home/bars/icarus_ws/build/ros2_control_demo_example_6
[8.176s] DEBUG:colcon.colcon_core.event_handler.log_command:Invoked command in '/home/bars/icarus_ws/build/ros2_control_demo_example_10' returned '0': CMAKE_PREFIX_PATH=/home/bars/icarus_ws/install/ros2_control_demo_description:/home/bars/icarus_ws/install/ros2_control_demos:/home/bars/icarus_ws/install/ros2_control_demo_example_9:/home/bars/icarus_ws/install/ros2_control_demo_example_8:/home/bars/icarus_ws/install/ros2_control_demo_example_7:/home/bars/icarus_ws/install/ros2_control_demo_example_6:/home/bars/icarus_ws/install/ros2_control_demo_example_15:/home/bars/icarus_ws/install/ros2_control_demo_example_13:/home/bars/icarus_ws/install/ros2_control_demo_example_5:/home/bars/icarus_ws/install/ros2_control_demo_example_4:/home/bars/icarus_ws/install/ros2_control_demo_example_3:/home/bars/icarus_ws/install/ros2_control_demo_example_2:/home/bars/icarus_ws/install/ros2_control_demo_example_14:/home/bars/icarus_ws/install/ros2_control_demo_example_12:/home/bars/icarus_ws/install/ros2_control_demo_example_11:/home/bars/icarus_ws/install/ros2_control_demo_example_10:/home/bars/icarus_ws/install/ros2_control_demo_example_1:/opt/ros/humble /usr/bin/cmake --build /home/bars/icarus_ws/build/ros2_control_demo_example_10 -- -j20 -l20
[8.179s] DEBUG:colcon.colcon_core.event_handler.log_command:Invoking command in '/home/bars/icarus_ws/build/ros2_control_demo_example_10': CMAKE_PREFIX_PATH=/home/bars/icarus_ws/install/ros2_control_demo_description:/home/bars/icarus_ws/install/ros2_control_demos:/home/bars/icarus_ws/install/ros2_control_demo_example_9:/home/bars/icarus_ws/install/ros2_control_demo_example_8:/home/bars/icarus_ws/install/ros2_control_demo_example_7:/home/bars/icarus_ws/install/ros2_control_demo_example_6:/home/bars/icarus_ws/install/ros2_control_demo_example_15:/home/bars/icarus_ws/install/ros2_control_demo_example_13:/home/bars/icarus_ws/install/ros2_control_demo_example_5:/home/bars/icarus_ws/install/ros2_control_demo_example_4:/home/bars/icarus_ws/install/ros2_control_demo_example_3:/home/bars/icarus_ws/install/ros2_control_demo_example_2:/home/bars/icarus_ws/install/ros2_control_demo_example_14:/home/bars/icarus_ws/install/ros2_control_demo_example_12:/home/bars/icarus_ws/install/ros2_control_demo_example_11:/home/bars/icarus_ws/install/ros2_control_demo_example_10:/home/bars/icarus_ws/install/ros2_control_demo_example_1:/opt/ros/humble /usr/bin/cmake --install /home/bars/icarus_ws/build/ros2_control_demo_example_10
[8.181s] DEBUG:colcon.colcon_core.event_handler.log_command:Invoked command in '/home/bars/icarus_ws/build/ros2_control_demo_example_2' returned '0': CMAKE_PREFIX_PATH=/home/bars/icarus_ws/install/ros2_control_demo_description:/home/bars/icarus_ws/install/ros2_control_demos:/home/bars/icarus_ws/install/ros2_control_demo_example_9:/home/bars/icarus_ws/install/ros2_control_demo_example_8:/home/bars/icarus_ws/install/ros2_control_demo_example_7:/home/bars/icarus_ws/install/ros2_control_demo_example_6:/home/bars/icarus_ws/install/ros2_control_demo_example_15:/home/bars/icarus_ws/install/ros2_control_demo_example_13:/home/bars/icarus_ws/install/ros2_control_demo_example_5:/home/bars/icarus_ws/install/ros2_control_demo_example_4:/home/bars/icarus_ws/install/ros2_control_demo_example_3:/home/bars/icarus_ws/install/ros2_control_demo_example_2:/home/bars/icarus_ws/install/ros2_control_demo_example_14:/home/bars/icarus_ws/install/ros2_control_demo_example_12:/home/bars/icarus_ws/install/ros2_control_demo_example_11:/home/bars/icarus_ws/install/ros2_control_demo_example_10:/home/bars/icarus_ws/install/ros2_control_demo_example_1:/opt/ros/humble /usr/bin/cmake --build /home/bars/icarus_ws/build/ros2_control_demo_example_2 -- -j20 -l20
[8.183s] DEBUG:colcon.colcon_core.event_handler.log_command:Invoking command in '/home/bars/icarus_ws/build/ros2_control_demo_example_2': CMAKE_PREFIX_PATH=/home/bars/icarus_ws/install/ros2_control_demo_description:/home/bars/icarus_ws/install/ros2_control_demos:/home/bars/icarus_ws/install/ros2_control_demo_example_9:/home/bars/icarus_ws/install/ros2_control_demo_example_8:/home/bars/icarus_ws/install/ros2_control_demo_example_7:/home/bars/icarus_ws/install/ros2_control_demo_example_6:/home/bars/icarus_ws/install/ros2_control_demo_example_15:/home/bars/icarus_ws/install/ros2_control_demo_example_13:/home/bars/icarus_ws/install/ros2_control_demo_example_5:/home/bars/icarus_ws/install/ros2_control_demo_example_4:/home/bars/icarus_ws/install/ros2_control_demo_example_3:/home/bars/icarus_ws/install/ros2_control_demo_example_2:/home/bars/icarus_ws/install/ros2_control_demo_example_14:/home/bars/icarus_ws/install/ros2_control_demo_example_12:/home/bars/icarus_ws/install/ros2_control_demo_example_11:/home/bars/icarus_ws/install/ros2_control_demo_example_10:/home/bars/icarus_ws/install/ros2_control_demo_example_1:/opt/ros/humble /usr/bin/cmake --install /home/bars/icarus_ws/build/ros2_control_demo_example_2
[8.353s] Level 1:colcon.colcon_core.environment:create_environment_scripts_only(ur_simulation_gazebo)
[8.354s] Level 1:colcon.colcon_core.environment:checking '/home/bars/icarus_ws/install/ur_simulation_gazebo' for CMake module files
[8.354s] DEBUG:colcon.colcon_core.event_handler.log_command:Invoked command in '/home/bars/icarus_ws/build/ur_simulation_gazebo' returned '0': AMENT_PREFIX_PATH=/home/bars/icarus_ws/install/ur_description:${AMENT_PREFIX_PATH} CMAKE_PREFIX_PATH=/home/bars/icarus_ws/install/ur_description:/home/bars/icarus_ws/install/ros2_control_demos:/home/bars/icarus_ws/install/ros2_control_demo_example_9:/home/bars/icarus_ws/install/ros2_control_demo_example_8:/home/bars/icarus_ws/install/ros2_control_demo_example_7:/home/bars/icarus_ws/install/ros2_control_demo_example_6:/home/bars/icarus_ws/install/ros2_control_demo_example_15:/home/bars/icarus_ws/install/ros2_control_demo_example_13:/home/bars/icarus_ws/install/ros2_control_demo_example_5:/home/bars/icarus_ws/install/ros2_control_demo_example_4:/home/bars/icarus_ws/install/ros2_control_demo_example_3:/home/bars/icarus_ws/install/ros2_control_demo_example_2:/home/bars/icarus_ws/install/ros2_control_demo_example_14:/home/bars/icarus_ws/install/ros2_control_demo_example_12:/home/bars/icarus_ws/install/ros2_control_demo_example_11:/home/bars/icarus_ws/install/ros2_control_demo_example_10:/home/bars/icarus_ws/install/ros2_control_demo_example_1:/home/bars/icarus_ws/install/ros2_control_demo_description:/opt/ros/humble /usr/bin/cmake --install /home/bars/icarus_ws/build/ur_simulation_gazebo
[8.357s] Level 1:colcon.colcon_core.environment:checking '/home/bars/icarus_ws/install/ur_simulation_gazebo' for CMake config files
[8.357s] Level 1:colcon.colcon_core.shell:create_environment_hook('ur_simulation_gazebo', 'cmake_prefix_path')
[8.358s] INFO:colcon.colcon_core.shell:Creating environment hook '/home/bars/icarus_ws/install/ur_simulation_gazebo/share/ur_simulation_gazebo/hook/cmake_prefix_path.ps1'
[8.358s] INFO:colcon.colcon_core.shell:Creating environment descriptor '/home/bars/icarus_ws/install/ur_simulation_gazebo/share/ur_simulation_gazebo/hook/cmake_prefix_path.dsv'
[8.359s] INFO:colcon.colcon_core.shell:Creating environment hook '/home/bars/icarus_ws/install/ur_simulation_gazebo/share/ur_simulation_gazebo/hook/cmake_prefix_path.sh'
[8.360s] Level 1:colcon.colcon_core.environment:checking '/home/bars/icarus_ws/install/ur_simulation_gazebo/bin'
[8.360s] Level 1:colcon.colcon_core.environment:checking '/home/bars/icarus_ws/install/ur_simulation_gazebo/lib/pkgconfig/ur_simulation_gazebo.pc'
[8.360s] Level 1:colcon.colcon_core.environment:checking '/home/bars/icarus_ws/install/ur_simulation_gazebo/lib/python3.10/site-packages'
[8.360s] Level 1:colcon.colcon_core.environment:checking '/home/bars/icarus_ws/install/ur_simulation_gazebo/bin'
[8.361s] INFO:colcon.colcon_core.shell:Creating package script '/home/bars/icarus_ws/install/ur_simulation_gazebo/share/ur_simulation_gazebo/package.ps1'
[8.362s] INFO:colcon.colcon_core.shell:Creating package descriptor '/home/bars/icarus_ws/install/ur_simulation_gazebo/share/ur_simulation_gazebo/package.dsv'
[8.363s] INFO:colcon.colcon_core.shell:Creating package script '/home/bars/icarus_ws/install/ur_simulation_gazebo/share/ur_simulation_gazebo/package.sh'
[8.364s] INFO:colcon.colcon_core.shell:Creating package script '/home/bars/icarus_ws/install/ur_simulation_gazebo/share/ur_simulation_gazebo/package.bash'
[8.365s] INFO:colcon.colcon_core.shell:Creating package script '/home/bars/icarus_ws/install/ur_simulation_gazebo/share/ur_simulation_gazebo/package.zsh'
[8.366s] Level 1:colcon.colcon_core.environment:create_file_with_runtime_dependencies(/home/bars/icarus_ws/install/ur_simulation_gazebo/share/colcon-core/packages/ur_simulation_gazebo)
[8.367s] Level 1:colcon.colcon_core.environment:create_environment_scripts_only(ur_simulation_gazebo)
[8.367s] Level 1:colcon.colcon_core.environment:checking '/home/bars/icarus_ws/install/ur_simulation_gazebo' for CMake module files
[8.368s] Level 1:colcon.colcon_core.environment:checking '/home/bars/icarus_ws/install/ur_simulation_gazebo' for CMake config files
[8.368s] Level 1:colcon.colcon_core.shell:create_environment_hook('ur_simulation_gazebo', 'cmake_prefix_path')
[8.368s] INFO:colcon.colcon_core.shell:Creating environment hook '/home/bars/icarus_ws/install/ur_simulation_gazebo/share/ur_simulation_gazebo/hook/cmake_prefix_path.ps1'
[8.369s] INFO:colcon.colcon_core.shell:Creating environment descriptor '/home/bars/icarus_ws/install/ur_simulation_gazebo/share/ur_simulation_gazebo/hook/cmake_prefix_path.dsv'
[8.369s] INFO:colcon.colcon_core.shell:Creating environment hook '/home/bars/icarus_ws/install/ur_simulation_gazebo/share/ur_simulation_gazebo/hook/cmake_prefix_path.sh'
[8.370s] Level 1:colcon.colcon_core.environment:checking '/home/bars/icarus_ws/install/ur_simulation_gazebo/bin'
[8.370s] Level 1:colcon.colcon_core.environment:checking '/home/bars/icarus_ws/install/ur_simulation_gazebo/lib/pkgconfig/ur_simulation_gazebo.pc'
[8.370s] Level 1:colcon.colcon_core.environment:checking '/home/bars/icarus_ws/install/ur_simulation_gazebo/lib/python3.10/site-packages'
[8.370s] Level 1:colcon.colcon_core.environment:checking '/home/bars/icarus_ws/install/ur_simulation_gazebo/bin'
[8.371s] INFO:colcon.colcon_core.shell:Creating package script '/home/bars/icarus_ws/install/ur_simulation_gazebo/share/ur_simulation_gazebo/package.ps1'
[8.372s] INFO:colcon.colcon_core.shell:Creating package descriptor '/home/bars/icarus_ws/install/ur_simulation_gazebo/share/ur_simulation_gazebo/package.dsv'
[8.373s] INFO:colcon.colcon_core.shell:Creating package script '/home/bars/icarus_ws/install/ur_simulation_gazebo/share/ur_simulation_gazebo/package.sh'
[8.374s] INFO:colcon.colcon_core.shell:Creating package script '/home/bars/icarus_ws/install/ur_simulation_gazebo/share/ur_simulation_gazebo/package.bash'
[8.375s] INFO:colcon.colcon_core.shell:Creating package script '/home/bars/icarus_ws/install/ur_simulation_gazebo/share/ur_simulation_gazebo/package.zsh'
[8.375s] Level 1:colcon.colcon_core.environment:create_file_with_runtime_dependencies(/home/bars/icarus_ws/install/ur_simulation_gazebo/share/colcon-core/packages/ur_simulation_gazebo)
[8.381s] DEBUG:colcon.colcon_core.event_handler.log_command:Invoked command in '/home/bars/icarus_ws/build/ros2_control_demo_example_4' returned '0': CMAKE_PREFIX_PATH=/home/bars/icarus_ws/install/ros2_control_demo_description:/home/bars/icarus_ws/install/ros2_control_demos:/home/bars/icarus_ws/install/ros2_control_demo_example_9:/home/bars/icarus_ws/install/ros2_control_demo_example_8:/home/bars/icarus_ws/install/ros2_control_demo_example_7:/home/bars/icarus_ws/install/ros2_control_demo_example_6:/home/bars/icarus_ws/install/ros2_control_demo_example_15:/home/bars/icarus_ws/install/ros2_control_demo_example_13:/home/bars/icarus_ws/install/ros2_control_demo_example_5:/home/bars/icarus_ws/install/ros2_control_demo_example_4:/home/bars/icarus_ws/install/ros2_control_demo_example_3:/home/bars/icarus_ws/install/ros2_control_demo_example_2:/home/bars/icarus_ws/install/ros2_control_demo_example_14:/home/bars/icarus_ws/install/ros2_control_demo_example_12:/home/bars/icarus_ws/install/ros2_control_demo_example_11:/home/bars/icarus_ws/install/ros2_control_demo_example_10:/home/bars/icarus_ws/install/ros2_control_demo_example_1:/opt/ros/humble /usr/bin/cmake --build /home/bars/icarus_ws/build/ros2_control_demo_example_4 -- -j20 -l20
[8.383s] DEBUG:colcon.colcon_core.event_handler.log_command:Invoking command in '/home/bars/icarus_ws/build/ros2_control_demo_example_4': CMAKE_PREFIX_PATH=/home/bars/icarus_ws/install/ros2_control_demo_description:/home/bars/icarus_ws/install/ros2_control_demos:/home/bars/icarus_ws/install/ros2_control_demo_example_9:/home/bars/icarus_ws/install/ros2_control_demo_example_8:/home/bars/icarus_ws/install/ros2_control_demo_example_7:/home/bars/icarus_ws/install/ros2_control_demo_example_6:/home/bars/icarus_ws/install/ros2_control_demo_example_15:/home/bars/icarus_ws/install/ros2_control_demo_example_13:/home/bars/icarus_ws/install/ros2_control_demo_example_5:/home/bars/icarus_ws/install/ros2_control_demo_example_4:/home/bars/icarus_ws/install/ros2_control_demo_example_3:/home/bars/icarus_ws/install/ros2_control_demo_example_2:/home/bars/icarus_ws/install/ros2_control_demo_example_14:/home/bars/icarus_ws/install/ros2_control_demo_example_12:/home/bars/icarus_ws/install/ros2_control_demo_example_11:/home/bars/icarus_ws/install/ros2_control_demo_example_10:/home/bars/icarus_ws/install/ros2_control_demo_example_1:/opt/ros/humble /usr/bin/cmake --install /home/bars/icarus_ws/build/ros2_control_demo_example_4
[8.441s] Level 1:colcon.colcon_core.environment:create_environment_scripts_only(ros2_control_demo_example_1)
[8.441s] Level 1:colcon.colcon_core.environment:checking '/home/bars/icarus_ws/install/ros2_control_demo_example_1' for CMake module files
[8.442s] DEBUG:colcon.colcon_core.event_handler.log_command:Invoked command in '/home/bars/icarus_ws/build/ros2_control_demo_example_1' returned '0': CMAKE_PREFIX_PATH=/home/bars/icarus_ws/install/ros2_control_demo_description:/home/bars/icarus_ws/install/ros2_control_demos:/home/bars/icarus_ws/install/ros2_control_demo_example_9:/home/bars/icarus_ws/install/ros2_control_demo_example_8:/home/bars/icarus_ws/install/ros2_control_demo_example_7:/home/bars/icarus_ws/install/ros2_control_demo_example_6:/home/bars/icarus_ws/install/ros2_control_demo_example_15:/home/bars/icarus_ws/install/ros2_control_demo_example_13:/home/bars/icarus_ws/install/ros2_control_demo_example_5:/home/bars/icarus_ws/install/ros2_control_demo_example_4:/home/bars/icarus_ws/install/ros2_control_demo_example_3:/home/bars/icarus_ws/install/ros2_control_demo_example_2:/home/bars/icarus_ws/install/ros2_control_demo_example_14:/home/bars/icarus_ws/install/ros2_control_demo_example_12:/home/bars/icarus_ws/install/ros2_control_demo_example_11:/home/bars/icarus_ws/install/ros2_control_demo_example_10:/home/bars/icarus_ws/install/ros2_control_demo_example_1:/opt/ros/humble /usr/bin/cmake --install /home/bars/icarus_ws/build/ros2_control_demo_example_1
[8.443s] Level 1:colcon.colcon_core.environment:checking '/home/bars/icarus_ws/install/ros2_control_demo_example_1' for CMake config files
[8.444s] Level 1:colcon.colcon_core.shell:create_environment_hook('ros2_control_demo_example_1', 'cmake_prefix_path')
[8.445s] INFO:colcon.colcon_core.shell:Creating environment hook '/home/bars/icarus_ws/install/ros2_control_demo_example_1/share/ros2_control_demo_example_1/hook/cmake_prefix_path.ps1'
[8.446s] INFO:colcon.colcon_core.shell:Creating environment descriptor '/home/bars/icarus_ws/install/ros2_control_demo_example_1/share/ros2_control_demo_example_1/hook/cmake_prefix_path.dsv'
[8.447s] INFO:colcon.colcon_core.shell:Creating environment hook '/home/bars/icarus_ws/install/ros2_control_demo_example_1/share/ros2_control_demo_example_1/hook/cmake_prefix_path.sh'
[8.448s] Level 1:colcon.colcon_core.environment:checking '/home/bars/icarus_ws/install/ros2_control_demo_example_1/lib'
[8.448s] Level 1:colcon.colcon_core.shell:create_environment_hook('ros2_control_demo_example_1', 'ld_library_path_lib')
[8.449s] INFO:colcon.colcon_core.shell:Creating environment hook '/home/bars/icarus_ws/install/ros2_control_demo_example_1/share/ros2_control_demo_example_1/hook/ld_library_path_lib.ps1'
[8.449s] INFO:colcon.colcon_core.shell:Creating environment descriptor '/home/bars/icarus_ws/install/ros2_control_demo_example_1/share/ros2_control_demo_example_1/hook/ld_library_path_lib.dsv'
[8.450s] INFO:colcon.colcon_core.shell:Creating environment hook '/home/bars/icarus_ws/install/ros2_control_demo_example_1/share/ros2_control_demo_example_1/hook/ld_library_path_lib.sh'
[8.451s] Level 1:colcon.colcon_core.environment:checking '/home/bars/icarus_ws/install/ros2_control_demo_example_1/bin'
[8.452s] Level 1:colcon.colcon_core.environment:checking '/home/bars/icarus_ws/install/ros2_control_demo_example_1/lib/pkgconfig/ros2_control_demo_example_1.pc'
[8.452s] Level 1:colcon.colcon_core.environment:checking '/home/bars/icarus_ws/install/ros2_control_demo_example_1/lib/python3.10/site-packages'
[8.453s] Level 1:colcon.colcon_core.environment:checking '/home/bars/icarus_ws/install/ros2_control_demo_example_1/bin'
[8.453s] INFO:colcon.colcon_core.shell:Creating package script '/home/bars/icarus_ws/install/ros2_control_demo_example_1/share/ros2_control_demo_example_1/package.ps1'
[8.454s] INFO:colcon.colcon_core.shell:Creating package descriptor '/home/bars/icarus_ws/install/ros2_control_demo_example_1/share/ros2_control_demo_example_1/package.dsv'
[8.455s] INFO:colcon.colcon_core.shell:Creating package script '/home/bars/icarus_ws/install/ros2_control_demo_example_1/share/ros2_control_demo_example_1/package.sh'
[8.456s] INFO:colcon.colcon_core.shell:Creating package script '/home/bars/icarus_ws/install/ros2_control_demo_example_1/share/ros2_control_demo_example_1/package.bash'
[8.457s] INFO:colcon.colcon_core.shell:Creating package script '/home/bars/icarus_ws/install/ros2_control_demo_example_1/share/ros2_control_demo_example_1/package.zsh'
[8.457s] Level 1:colcon.colcon_core.environment:create_file_with_runtime_dependencies(/home/bars/icarus_ws/install/ros2_control_demo_example_1/share/colcon-core/packages/ros2_control_demo_example_1)
[8.459s] Level 1:colcon.colcon_core.environment:create_environment_scripts_only(ros2_control_demo_example_1)
[8.460s] Level 1:colcon.colcon_core.environment:checking '/home/bars/icarus_ws/install/ros2_control_demo_example_1' for CMake module files
[8.461s] Level 1:colcon.colcon_core.environment:checking '/home/bars/icarus_ws/install/ros2_control_demo_example_1' for CMake config files
[8.462s] Level 1:colcon.colcon_core.shell:create_environment_hook('ros2_control_demo_example_1', 'cmake_prefix_path')
[8.462s] INFO:colcon.colcon_core.shell:Creating environment hook '/home/bars/icarus_ws/install/ros2_control_demo_example_1/share/ros2_control_demo_example_1/hook/cmake_prefix_path.ps1'
[8.463s] INFO:colcon.colcon_core.shell:Creating environment descriptor '/home/bars/icarus_ws/install/ros2_control_demo_example_1/share/ros2_control_demo_example_1/hook/cmake_prefix_path.dsv'
[8.463s] INFO:colcon.colcon_core.shell:Creating environment hook '/home/bars/icarus_ws/install/ros2_control_demo_example_1/share/ros2_control_demo_example_1/hook/cmake_prefix_path.sh'
[8.465s] Level 1:colcon.colcon_core.environment:checking '/home/bars/icarus_ws/install/ros2_control_demo_example_1/lib'
[8.465s] Level 1:colcon.colcon_core.shell:create_environment_hook('ros2_control_demo_example_1', 'ld_library_path_lib')
[8.465s] INFO:colcon.colcon_core.shell:Creating environment hook '/home/bars/icarus_ws/install/ros2_control_demo_example_1/share/ros2_control_demo_example_1/hook/ld_library_path_lib.ps1'
[8.466s] INFO:colcon.colcon_core.shell:Creating environment descriptor '/home/bars/icarus_ws/install/ros2_control_demo_example_1/share/ros2_control_demo_example_1/hook/ld_library_path_lib.dsv'
[8.466s] INFO:colcon.colcon_core.shell:Creating environment hook '/home/bars/icarus_ws/install/ros2_control_demo_example_1/share/ros2_control_demo_example_1/hook/ld_library_path_lib.sh'
[8.467s] Level 1:colcon.colcon_core.environment:checking '/home/bars/icarus_ws/install/ros2_control_demo_example_1/bin'
[8.467s] Level 1:colcon.colcon_core.environment:checking '/home/bars/icarus_ws/install/ros2_control_demo_example_1/lib/pkgconfig/ros2_control_demo_example_1.pc'
[8.467s] Level 1:colcon.colcon_core.environment:checking '/home/bars/icarus_ws/install/ros2_control_demo_example_1/lib/python3.10/site-packages'
[8.467s] Level 1:colcon.colcon_core.environment:checking '/home/bars/icarus_ws/install/ros2_control_demo_example_1/bin'
[8.468s] INFO:colcon.colcon_core.shell:Creating package script '/home/bars/icarus_ws/install/ros2_control_demo_example_1/share/ros2_control_demo_example_1/package.ps1'
[8.469s] INFO:colcon.colcon_core.shell:Creating package descriptor '/home/bars/icarus_ws/install/ros2_control_demo_example_1/share/ros2_control_demo_example_1/package.dsv'
[8.469s] INFO:colcon.colcon_core.shell:Creating package script '/home/bars/icarus_ws/install/ros2_control_demo_example_1/share/ros2_control_demo_example_1/package.sh'
[8.470s] INFO:colcon.colcon_core.shell:Creating package script '/home/bars/icarus_ws/install/ros2_control_demo_example_1/share/ros2_control_demo_example_1/package.bash'
[8.471s] INFO:colcon.colcon_core.shell:Creating package script '/home/bars/icarus_ws/install/ros2_control_demo_example_1/share/ros2_control_demo_example_1/package.zsh'
[8.471s] Level 1:colcon.colcon_core.environment:create_file_with_runtime_dependencies(/home/bars/icarus_ws/install/ros2_control_demo_example_1/share/colcon-core/packages/ros2_control_demo_example_1)
[8.472s] Level 1:colcon.colcon_core.environment:create_environment_scripts_only(ros2_control_demo_example_11)
[8.473s] Level 1:colcon.colcon_core.environment:checking '/home/bars/icarus_ws/install/ros2_control_demo_example_11' for CMake module files
[8.474s] DEBUG:colcon.colcon_core.event_handler.log_command:Invoked command in '/home/bars/icarus_ws/build/ros2_control_demo_example_11' returned '0': CMAKE_PREFIX_PATH=/home/bars/icarus_ws/install/ros2_control_demo_description:/home/bars/icarus_ws/install/ros2_control_demos:/home/bars/icarus_ws/install/ros2_control_demo_example_9:/home/bars/icarus_ws/install/ros2_control_demo_example_8:/home/bars/icarus_ws/install/ros2_control_demo_example_7:/home/bars/icarus_ws/install/ros2_control_demo_example_6:/home/bars/icarus_ws/install/ros2_control_demo_example_15:/home/bars/icarus_ws/install/ros2_control_demo_example_13:/home/bars/icarus_ws/install/ros2_control_demo_example_5:/home/bars/icarus_ws/install/ros2_control_demo_example_4:/home/bars/icarus_ws/install/ros2_control_demo_example_3:/home/bars/icarus_ws/install/ros2_control_demo_example_2:/home/bars/icarus_ws/install/ros2_control_demo_example_14:/home/bars/icarus_ws/install/ros2_control_demo_example_12:/home/bars/icarus_ws/install/ros2_control_demo_example_11:/home/bars/icarus_ws/install/ros2_control_demo_example_10:/home/bars/icarus_ws/install/ros2_control_demo_example_1:/opt/ros/humble /usr/bin/cmake --install /home/bars/icarus_ws/build/ros2_control_demo_example_11
[8.476s] Level 1:colcon.colcon_core.environment:checking '/home/bars/icarus_ws/install/ros2_control_demo_example_11' for CMake config files
[8.476s] Level 1:colcon.colcon_core.shell:create_environment_hook('ros2_control_demo_example_11', 'cmake_prefix_path')
[8.477s] INFO:colcon.colcon_core.shell:Creating environment hook '/home/bars/icarus_ws/install/ros2_control_demo_example_11/share/ros2_control_demo_example_11/hook/cmake_prefix_path.ps1'
[8.478s] INFO:colcon.colcon_core.shell:Creating environment descriptor '/home/bars/icarus_ws/install/ros2_control_demo_example_11/share/ros2_control_demo_example_11/hook/cmake_prefix_path.dsv'
[8.479s] INFO:colcon.colcon_core.shell:Creating environment hook '/home/bars/icarus_ws/install/ros2_control_demo_example_11/share/ros2_control_demo_example_11/hook/cmake_prefix_path.sh'
[8.479s] Level 1:colcon.colcon_core.environment:checking '/home/bars/icarus_ws/install/ros2_control_demo_example_11/lib'
[8.480s] Level 1:colcon.colcon_core.shell:create_environment_hook('ros2_control_demo_example_11', 'ld_library_path_lib')
[8.480s] INFO:colcon.colcon_core.shell:Creating environment hook '/home/bars/icarus_ws/install/ros2_control_demo_example_11/share/ros2_control_demo_example_11/hook/ld_library_path_lib.ps1'
[8.482s] INFO:colcon.colcon_core.shell:Creating environment descriptor '/home/bars/icarus_ws/install/ros2_control_demo_example_11/share/ros2_control_demo_example_11/hook/ld_library_path_lib.dsv'
[8.483s] INFO:colcon.colcon_core.shell:Creating environment hook '/home/bars/icarus_ws/install/ros2_control_demo_example_11/share/ros2_control_demo_example_11/hook/ld_library_path_lib.sh'
[8.483s] Level 1:colcon.colcon_core.environment:checking '/home/bars/icarus_ws/install/ros2_control_demo_example_11/bin'
[8.483s] Level 1:colcon.colcon_core.environment:checking '/home/bars/icarus_ws/install/ros2_control_demo_example_11/lib/pkgconfig/ros2_control_demo_example_11.pc'
[8.484s] Level 1:colcon.colcon_core.environment:checking '/home/bars/icarus_ws/install/ros2_control_demo_example_11/lib/python3.10/site-packages'
[8.484s] Level 1:colcon.colcon_core.environment:checking '/home/bars/icarus_ws/install/ros2_control_demo_example_11/bin'
[8.485s] INFO:colcon.colcon_core.shell:Creating package script '/home/bars/icarus_ws/install/ros2_control_demo_example_11/share/ros2_control_demo_example_11/package.ps1'
[8.485s] INFO:colcon.colcon_core.shell:Creating package descriptor '/home/bars/icarus_ws/install/ros2_control_demo_example_11/share/ros2_control_demo_example_11/package.dsv'
[8.486s] INFO:colcon.colcon_core.shell:Creating package script '/home/bars/icarus_ws/install/ros2_control_demo_example_11/share/ros2_control_demo_example_11/package.sh'
[8.486s] INFO:colcon.colcon_core.shell:Creating package script '/home/bars/icarus_ws/install/ros2_control_demo_example_11/share/ros2_control_demo_example_11/package.bash'
[8.486s] INFO:colcon.colcon_core.shell:Creating package script '/home/bars/icarus_ws/install/ros2_control_demo_example_11/share/ros2_control_demo_example_11/package.zsh'
[8.487s] Level 1:colcon.colcon_core.environment:create_file_with_runtime_dependencies(/home/bars/icarus_ws/install/ros2_control_demo_example_11/share/colcon-core/packages/ros2_control_demo_example_11)
[8.487s] Level 1:colcon.colcon_core.environment:create_environment_scripts_only(ros2_control_demo_example_11)
[8.487s] Level 1:colcon.colcon_core.environment:checking '/home/bars/icarus_ws/install/ros2_control_demo_example_11' for CMake module files
[8.488s] Level 1:colcon.colcon_core.environment:checking '/home/bars/icarus_ws/install/ros2_control_demo_example_11' for CMake config files
[8.488s] Level 1:colcon.colcon_core.shell:create_environment_hook('ros2_control_demo_example_11', 'cmake_prefix_path')
[8.489s] INFO:colcon.colcon_core.shell:Creating environment hook '/home/bars/icarus_ws/install/ros2_control_demo_example_11/share/ros2_control_demo_example_11/hook/cmake_prefix_path.ps1'
[8.489s] INFO:colcon.colcon_core.shell:Creating environment descriptor '/home/bars/icarus_ws/install/ros2_control_demo_example_11/share/ros2_control_demo_example_11/hook/cmake_prefix_path.dsv'
[8.489s] INFO:colcon.colcon_core.shell:Creating environment hook '/home/bars/icarus_ws/install/ros2_control_demo_example_11/share/ros2_control_demo_example_11/hook/cmake_prefix_path.sh'
[8.490s] Level 1:colcon.colcon_core.environment:checking '/home/bars/icarus_ws/install/ros2_control_demo_example_11/lib'
[8.490s] Level 1:colcon.colcon_core.shell:create_environment_hook('ros2_control_demo_example_11', 'ld_library_path_lib')
[8.490s] INFO:colcon.colcon_core.shell:Creating environment hook '/home/bars/icarus_ws/install/ros2_control_demo_example_11/share/ros2_control_demo_example_11/hook/ld_library_path_lib.ps1'
[8.491s] INFO:colcon.colcon_core.shell:Creating environment descriptor '/home/bars/icarus_ws/install/ros2_control_demo_example_11/share/ros2_control_demo_example_11/hook/ld_library_path_lib.dsv'
[8.491s] INFO:colcon.colcon_core.shell:Creating environment hook '/home/bars/icarus_ws/install/ros2_control_demo_example_11/share/ros2_control_demo_example_11/hook/ld_library_path_lib.sh'
[8.491s] Level 1:colcon.colcon_core.environment:checking '/home/bars/icarus_ws/install/ros2_control_demo_example_11/bin'
[8.491s] Level 1:colcon.colcon_core.environment:checking '/home/bars/icarus_ws/install/ros2_control_demo_example_11/lib/pkgconfig/ros2_control_demo_example_11.pc'
[8.492s] Level 1:colcon.colcon_core.environment:checking '/home/bars/icarus_ws/install/ros2_control_demo_example_11/lib/python3.10/site-packages'
[8.492s] Level 1:colcon.colcon_core.environment:checking '/home/bars/icarus_ws/install/ros2_control_demo_example_11/bin'
[8.492s] INFO:colcon.colcon_core.shell:Creating package script '/home/bars/icarus_ws/install/ros2_control_demo_example_11/share/ros2_control_demo_example_11/package.ps1'
[8.493s] INFO:colcon.colcon_core.shell:Creating package descriptor '/home/bars/icarus_ws/install/ros2_control_demo_example_11/share/ros2_control_demo_example_11/package.dsv'
[8.493s] INFO:colcon.colcon_core.shell:Creating package script '/home/bars/icarus_ws/install/ros2_control_demo_example_11/share/ros2_control_demo_example_11/package.sh'
[8.494s] INFO:colcon.colcon_core.shell:Creating package script '/home/bars/icarus_ws/install/ros2_control_demo_example_11/share/ros2_control_demo_example_11/package.bash'
[8.494s] INFO:colcon.colcon_core.shell:Creating package script '/home/bars/icarus_ws/install/ros2_control_demo_example_11/share/ros2_control_demo_example_11/package.zsh'
[8.494s] Level 1:colcon.colcon_core.environment:create_file_with_runtime_dependencies(/home/bars/icarus_ws/install/ros2_control_demo_example_11/share/colcon-core/packages/ros2_control_demo_example_11)
[8.496s] Level 1:colcon.colcon_core.environment:create_environment_scripts_only(ros2_control_demo_example_2)
[8.496s] Level 1:colcon.colcon_core.environment:checking '/home/bars/icarus_ws/install/ros2_control_demo_example_2' for CMake module files
[8.498s] DEBUG:colcon.colcon_core.event_handler.log_command:Invoked command in '/home/bars/icarus_ws/build/ros2_control_demo_example_2' returned '0': CMAKE_PREFIX_PATH=/home/bars/icarus_ws/install/ros2_control_demo_description:/home/bars/icarus_ws/install/ros2_control_demos:/home/bars/icarus_ws/install/ros2_control_demo_example_9:/home/bars/icarus_ws/install/ros2_control_demo_example_8:/home/bars/icarus_ws/install/ros2_control_demo_example_7:/home/bars/icarus_ws/install/ros2_control_demo_example_6:/home/bars/icarus_ws/install/ros2_control_demo_example_15:/home/bars/icarus_ws/install/ros2_control_demo_example_13:/home/bars/icarus_ws/install/ros2_control_demo_example_5:/home/bars/icarus_ws/install/ros2_control_demo_example_4:/home/bars/icarus_ws/install/ros2_control_demo_example_3:/home/bars/icarus_ws/install/ros2_control_demo_example_2:/home/bars/icarus_ws/install/ros2_control_demo_example_14:/home/bars/icarus_ws/install/ros2_control_demo_example_12:/home/bars/icarus_ws/install/ros2_control_demo_example_11:/home/bars/icarus_ws/install/ros2_control_demo_example_10:/home/bars/icarus_ws/install/ros2_control_demo_example_1:/opt/ros/humble /usr/bin/cmake --install /home/bars/icarus_ws/build/ros2_control_demo_example_2
[8.498s] Level 1:colcon.colcon_core.environment:checking '/home/bars/icarus_ws/install/ros2_control_demo_example_2' for CMake config files
[8.499s] Level 1:colcon.colcon_core.shell:create_environment_hook('ros2_control_demo_example_2', 'cmake_prefix_path')
[8.499s] INFO:colcon.colcon_core.shell:Creating environment hook '/home/bars/icarus_ws/install/ros2_control_demo_example_2/share/ros2_control_demo_example_2/hook/cmake_prefix_path.ps1'
[8.500s] INFO:colcon.colcon_core.shell:Creating environment descriptor '/home/bars/icarus_ws/install/ros2_control_demo_example_2/share/ros2_control_demo_example_2/hook/cmake_prefix_path.dsv'
[8.501s] INFO:colcon.colcon_core.shell:Creating environment hook '/home/bars/icarus_ws/install/ros2_control_demo_example_2/share/ros2_control_demo_example_2/hook/cmake_prefix_path.sh'
[8.501s] Level 1:colcon.colcon_core.environment:checking '/home/bars/icarus_ws/install/ros2_control_demo_example_2/lib'
[8.502s] Level 1:colcon.colcon_core.shell:create_environment_hook('ros2_control_demo_example_2', 'ld_library_path_lib')
[8.502s] INFO:colcon.colcon_core.shell:Creating environment hook '/home/bars/icarus_ws/install/ros2_control_demo_example_2/share/ros2_control_demo_example_2/hook/ld_library_path_lib.ps1'
[8.502s] INFO:colcon.colcon_core.shell:Creating environment descriptor '/home/bars/icarus_ws/install/ros2_control_demo_example_2/share/ros2_control_demo_example_2/hook/ld_library_path_lib.dsv'
[8.503s] INFO:colcon.colcon_core.shell:Creating environment hook '/home/bars/icarus_ws/install/ros2_control_demo_example_2/share/ros2_control_demo_example_2/hook/ld_library_path_lib.sh'
[8.504s] Level 1:colcon.colcon_core.environment:checking '/home/bars/icarus_ws/install/ros2_control_demo_example_2/bin'
[8.504s] Level 1:colcon.colcon_core.environment:checking '/home/bars/icarus_ws/install/ros2_control_demo_example_2/lib/pkgconfig/ros2_control_demo_example_2.pc'
[8.504s] Level 1:colcon.colcon_core.environment:checking '/home/bars/icarus_ws/install/ros2_control_demo_example_2/lib/python3.10/site-packages'
[8.505s] Level 1:colcon.colcon_core.environment:checking '/home/bars/icarus_ws/install/ros2_control_demo_example_2/bin'
[8.505s] INFO:colcon.colcon_core.shell:Creating package script '/home/bars/icarus_ws/install/ros2_control_demo_example_2/share/ros2_control_demo_example_2/package.ps1'
[8.505s] INFO:colcon.colcon_core.shell:Creating package descriptor '/home/bars/icarus_ws/install/ros2_control_demo_example_2/share/ros2_control_demo_example_2/package.dsv'
[8.506s] INFO:colcon.colcon_core.shell:Creating package script '/home/bars/icarus_ws/install/ros2_control_demo_example_2/share/ros2_control_demo_example_2/package.sh'
[8.506s] INFO:colcon.colcon_core.shell:Creating package script '/home/bars/icarus_ws/install/ros2_control_demo_example_2/share/ros2_control_demo_example_2/package.bash'
[8.506s] INFO:colcon.colcon_core.shell:Creating package script '/home/bars/icarus_ws/install/ros2_control_demo_example_2/share/ros2_control_demo_example_2/package.zsh'
[8.507s] Level 1:colcon.colcon_core.environment:create_file_with_runtime_dependencies(/home/bars/icarus_ws/install/ros2_control_demo_example_2/share/colcon-core/packages/ros2_control_demo_example_2)
[8.507s] Level 1:colcon.colcon_core.environment:create_environment_scripts_only(ros2_control_demo_example_2)
[8.507s] Level 1:colcon.colcon_core.environment:checking '/home/bars/icarus_ws/install/ros2_control_demo_example_2' for CMake module files
[8.508s] Level 1:colcon.colcon_core.environment:checking '/home/bars/icarus_ws/install/ros2_control_demo_example_2' for CMake config files
[8.508s] Level 1:colcon.colcon_core.shell:create_environment_hook('ros2_control_demo_example_2', 'cmake_prefix_path')
[8.508s] INFO:colcon.colcon_core.shell:Creating environment hook '/home/bars/icarus_ws/install/ros2_control_demo_example_2/share/ros2_control_demo_example_2/hook/cmake_prefix_path.ps1'
[8.508s] INFO:colcon.colcon_core.shell:Creating environment descriptor '/home/bars/icarus_ws/install/ros2_control_demo_example_2/share/ros2_control_demo_example_2/hook/cmake_prefix_path.dsv'
[8.509s] INFO:colcon.colcon_core.shell:Creating environment hook '/home/bars/icarus_ws/install/ros2_control_demo_example_2/share/ros2_control_demo_example_2/hook/cmake_prefix_path.sh'
[8.509s] Level 1:colcon.colcon_core.environment:checking '/home/bars/icarus_ws/install/ros2_control_demo_example_2/lib'
[8.509s] Level 1:colcon.colcon_core.shell:create_environment_hook('ros2_control_demo_example_2', 'ld_library_path_lib')
[8.509s] INFO:colcon.colcon_core.shell:Creating environment hook '/home/bars/icarus_ws/install/ros2_control_demo_example_2/share/ros2_control_demo_example_2/hook/ld_library_path_lib.ps1'
[8.510s] INFO:colcon.colcon_core.shell:Creating environment descriptor '/home/bars/icarus_ws/install/ros2_control_demo_example_2/share/ros2_control_demo_example_2/hook/ld_library_path_lib.dsv'
[8.510s] INFO:colcon.colcon_core.shell:Creating environment hook '/home/bars/icarus_ws/install/ros2_control_demo_example_2/share/ros2_control_demo_example_2/hook/ld_library_path_lib.sh'
[8.510s] Level 1:colcon.colcon_core.environment:checking '/home/bars/icarus_ws/install/ros2_control_demo_example_2/bin'
[8.510s] Level 1:colcon.colcon_core.environment:checking '/home/bars/icarus_ws/install/ros2_control_demo_example_2/lib/pkgconfig/ros2_control_demo_example_2.pc'
[8.511s] Level 1:colcon.colcon_core.environment:checking '/home/bars/icarus_ws/install/ros2_control_demo_example_2/lib/python3.10/site-packages'
[8.511s] Level 1:colcon.colcon_core.environment:checking '/home/bars/icarus_ws/install/ros2_control_demo_example_2/bin'
[8.511s] INFO:colcon.colcon_core.shell:Creating package script '/home/bars/icarus_ws/install/ros2_control_demo_example_2/share/ros2_control_demo_example_2/package.ps1'
[8.512s] INFO:colcon.colcon_core.shell:Creating package descriptor '/home/bars/icarus_ws/install/ros2_control_demo_example_2/share/ros2_control_demo_example_2/package.dsv'
[8.512s] INFO:colcon.colcon_core.shell:Creating package script '/home/bars/icarus_ws/install/ros2_control_demo_example_2/share/ros2_control_demo_example_2/package.sh'
[8.512s] INFO:colcon.colcon_core.shell:Creating package script '/home/bars/icarus_ws/install/ros2_control_demo_example_2/share/ros2_control_demo_example_2/package.bash'
[8.513s] INFO:colcon.colcon_core.shell:Creating package script '/home/bars/icarus_ws/install/ros2_control_demo_example_2/share/ros2_control_demo_example_2/package.zsh'
[8.513s] Level 1:colcon.colcon_core.environment:create_file_with_runtime_dependencies(/home/bars/icarus_ws/install/ros2_control_demo_example_2/share/colcon-core/packages/ros2_control_demo_example_2)
[8.513s] Level 1:colcon.colcon_core.environment:create_environment_scripts_only(ros2_control_demo_example_5)
[8.514s] Level 1:colcon.colcon_core.environment:checking '/home/bars/icarus_ws/install/ros2_control_demo_example_5' for CMake module files
[8.514s] DEBUG:colcon.colcon_core.event_handler.log_command:Invoked command in '/home/bars/icarus_ws/build/ros2_control_demo_example_5' returned '0': CMAKE_PREFIX_PATH=/home/bars/icarus_ws/install/ros2_control_demo_description:/home/bars/icarus_ws/install/ros2_control_demos:/home/bars/icarus_ws/install/ros2_control_demo_example_9:/home/bars/icarus_ws/install/ros2_control_demo_example_8:/home/bars/icarus_ws/install/ros2_control_demo_example_7:/home/bars/icarus_ws/install/ros2_control_demo_example_6:/home/bars/icarus_ws/install/ros2_control_demo_example_15:/home/bars/icarus_ws/install/ros2_control_demo_example_13:/home/bars/icarus_ws/install/ros2_control_demo_example_5:/home/bars/icarus_ws/install/ros2_control_demo_example_4:/home/bars/icarus_ws/install/ros2_control_demo_example_3:/home/bars/icarus_ws/install/ros2_control_demo_example_2:/home/bars/icarus_ws/install/ros2_control_demo_example_14:/home/bars/icarus_ws/install/ros2_control_demo_example_12:/home/bars/icarus_ws/install/ros2_control_demo_example_11:/home/bars/icarus_ws/install/ros2_control_demo_example_10:/home/bars/icarus_ws/install/ros2_control_demo_example_1:/opt/ros/humble /usr/bin/cmake --install /home/bars/icarus_ws/build/ros2_control_demo_example_5
[8.515s] Level 1:colcon.colcon_core.environment:checking '/home/bars/icarus_ws/install/ros2_control_demo_example_5' for CMake config files
[8.516s] Level 1:colcon.colcon_core.shell:create_environment_hook('ros2_control_demo_example_5', 'cmake_prefix_path')
[8.516s] INFO:colcon.colcon_core.shell:Creating environment hook '/home/bars/icarus_ws/install/ros2_control_demo_example_5/share/ros2_control_demo_example_5/hook/cmake_prefix_path.ps1'
[8.517s] INFO:colcon.colcon_core.shell:Creating environment descriptor '/home/bars/icarus_ws/install/ros2_control_demo_example_5/share/ros2_control_demo_example_5/hook/cmake_prefix_path.dsv'
[8.517s] INFO:colcon.colcon_core.shell:Creating environment hook '/home/bars/icarus_ws/install/ros2_control_demo_example_5/share/ros2_control_demo_example_5/hook/cmake_prefix_path.sh'
[8.518s] Level 1:colcon.colcon_core.environment:checking '/home/bars/icarus_ws/install/ros2_control_demo_example_5/lib'
[8.518s] Level 1:colcon.colcon_core.shell:create_environment_hook('ros2_control_demo_example_5', 'ld_library_path_lib')
[8.518s] INFO:colcon.colcon_core.shell:Creating environment hook '/home/bars/icarus_ws/install/ros2_control_demo_example_5/share/ros2_control_demo_example_5/hook/ld_library_path_lib.ps1'
[8.518s] INFO:colcon.colcon_core.shell:Creating environment descriptor '/home/bars/icarus_ws/install/ros2_control_demo_example_5/share/ros2_control_demo_example_5/hook/ld_library_path_lib.dsv'
[8.518s] INFO:colcon.colcon_core.shell:Creating environment hook '/home/bars/icarus_ws/install/ros2_control_demo_example_5/share/ros2_control_demo_example_5/hook/ld_library_path_lib.sh'
[8.519s] Level 1:colcon.colcon_core.environment:checking '/home/bars/icarus_ws/install/ros2_control_demo_example_5/bin'
[8.519s] Level 1:colcon.colcon_core.environment:checking '/home/bars/icarus_ws/install/ros2_control_demo_example_5/lib/pkgconfig/ros2_control_demo_example_5.pc'
[8.519s] Level 1:colcon.colcon_core.environment:checking '/home/bars/icarus_ws/install/ros2_control_demo_example_5/lib/python3.10/site-packages'
[8.519s] Level 1:colcon.colcon_core.environment:checking '/home/bars/icarus_ws/install/ros2_control_demo_example_5/bin'
[8.520s] INFO:colcon.colcon_core.shell:Creating package script '/home/bars/icarus_ws/install/ros2_control_demo_example_5/share/ros2_control_demo_example_5/package.ps1'
[8.520s] INFO:colcon.colcon_core.shell:Creating package descriptor '/home/bars/icarus_ws/install/ros2_control_demo_example_5/share/ros2_control_demo_example_5/package.dsv'
[8.520s] INFO:colcon.colcon_core.shell:Creating package script '/home/bars/icarus_ws/install/ros2_control_demo_example_5/share/ros2_control_demo_example_5/package.sh'
[8.521s] INFO:colcon.colcon_core.shell:Creating package script '/home/bars/icarus_ws/install/ros2_control_demo_example_5/share/ros2_control_demo_example_5/package.bash'
[8.521s] INFO:colcon.colcon_core.shell:Creating package script '/home/bars/icarus_ws/install/ros2_control_demo_example_5/share/ros2_control_demo_example_5/package.zsh'
[8.521s] Level 1:colcon.colcon_core.environment:create_file_with_runtime_dependencies(/home/bars/icarus_ws/install/ros2_control_demo_example_5/share/colcon-core/packages/ros2_control_demo_example_5)
[8.522s] Level 1:colcon.colcon_core.environment:create_environment_scripts_only(ros2_control_demo_example_5)
[8.522s] Level 1:colcon.colcon_core.environment:checking '/home/bars/icarus_ws/install/ros2_control_demo_example_5' for CMake module files
[8.522s] Level 1:colcon.colcon_core.environment:checking '/home/bars/icarus_ws/install/ros2_control_demo_example_5' for CMake config files
[8.522s] Level 1:colcon.colcon_core.shell:create_environment_hook('ros2_control_demo_example_5', 'cmake_prefix_path')
[8.523s] INFO:colcon.colcon_core.shell:Creating environment hook '/home/bars/icarus_ws/install/ros2_control_demo_example_5/share/ros2_control_demo_example_5/hook/cmake_prefix_path.ps1'
[8.523s] INFO:colcon.colcon_core.shell:Creating environment descriptor '/home/bars/icarus_ws/install/ros2_control_demo_example_5/share/ros2_control_demo_example_5/hook/cmake_prefix_path.dsv'
[8.523s] INFO:colcon.colcon_core.shell:Creating environment hook '/home/bars/icarus_ws/install/ros2_control_demo_example_5/share/ros2_control_demo_example_5/hook/cmake_prefix_path.sh'
[8.524s] Level 1:colcon.colcon_core.environment:checking '/home/bars/icarus_ws/install/ros2_control_demo_example_5/lib'
[8.524s] Level 1:colcon.colcon_core.shell:create_environment_hook('ros2_control_demo_example_5', 'ld_library_path_lib')
[8.524s] INFO:colcon.colcon_core.shell:Creating environment hook '/home/bars/icarus_ws/install/ros2_control_demo_example_5/share/ros2_control_demo_example_5/hook/ld_library_path_lib.ps1'
[8.524s] INFO:colcon.colcon_core.shell:Creating environment descriptor '/home/bars/icarus_ws/install/ros2_control_demo_example_5/share/ros2_control_demo_example_5/hook/ld_library_path_lib.dsv'
[8.525s] INFO:colcon.colcon_core.shell:Creating environment hook '/home/bars/icarus_ws/install/ros2_control_demo_example_5/share/ros2_control_demo_example_5/hook/ld_library_path_lib.sh'
[8.525s] Level 1:colcon.colcon_core.environment:checking '/home/bars/icarus_ws/install/ros2_control_demo_example_5/bin'
[8.525s] Level 1:colcon.colcon_core.environment:checking '/home/bars/icarus_ws/install/ros2_control_demo_example_5/lib/pkgconfig/ros2_control_demo_example_5.pc'
[8.525s] Level 1:colcon.colcon_core.environment:checking '/home/bars/icarus_ws/install/ros2_control_demo_example_5/lib/python3.10/site-packages'
[8.525s] Level 1:colcon.colcon_core.environment:checking '/home/bars/icarus_ws/install/ros2_control_demo_example_5/bin'
[8.526s] INFO:colcon.colcon_core.shell:Creating package script '/home/bars/icarus_ws/install/ros2_control_demo_example_5/share/ros2_control_demo_example_5/package.ps1'
[8.526s] INFO:colcon.colcon_core.shell:Creating package descriptor '/home/bars/icarus_ws/install/ros2_control_demo_example_5/share/ros2_control_demo_example_5/package.dsv'
[8.527s] INFO:colcon.colcon_core.shell:Creating package script '/home/bars/icarus_ws/install/ros2_control_demo_example_5/share/ros2_control_demo_example_5/package.sh'
[8.527s] INFO:colcon.colcon_core.shell:Creating package script '/home/bars/icarus_ws/install/ros2_control_demo_example_5/share/ros2_control_demo_example_5/package.bash'
[8.527s] INFO:colcon.colcon_core.shell:Creating package script '/home/bars/icarus_ws/install/ros2_control_demo_example_5/share/ros2_control_demo_example_5/package.zsh'
[8.528s] Level 1:colcon.colcon_core.environment:create_file_with_runtime_dependencies(/home/bars/icarus_ws/install/ros2_control_demo_example_5/share/colcon-core/packages/ros2_control_demo_example_5)
[8.528s] INFO:colcon.colcon_ros.task.ament_cmake.build:Building ROS package in '/home/bars/icarus_ws/src/ros2_control_demos/example_15' with build type 'ament_cmake'
[8.528s] INFO:colcon.colcon_cmake.task.cmake.build:Building CMake package in '/home/bars/icarus_ws/src/ros2_control_demos/example_15'
[8.529s] INFO:colcon.colcon_core.shell:Skip shell extension 'powershell' for command environment: Not usable outside of PowerShell
[8.529s] DEBUG:colcon.colcon_core.shell:Skip shell extension 'dsv' for command environment
[8.533s] Level 1:colcon.colcon_core.environment:create_environment_scripts_only(ros2_control_demo_example_10)
[8.533s] Level 1:colcon.colcon_core.environment:checking '/home/bars/icarus_ws/install/ros2_control_demo_example_10' for CMake module files
[8.534s] DEBUG:colcon.colcon_core.event_handler.log_command:Invoked command in '/home/bars/icarus_ws/build/ros2_control_demo_example_10' returned '0': CMAKE_PREFIX_PATH=/home/bars/icarus_ws/install/ros2_control_demo_description:/home/bars/icarus_ws/install/ros2_control_demos:/home/bars/icarus_ws/install/ros2_control_demo_example_9:/home/bars/icarus_ws/install/ros2_control_demo_example_8:/home/bars/icarus_ws/install/ros2_control_demo_example_7:/home/bars/icarus_ws/install/ros2_control_demo_example_6:/home/bars/icarus_ws/install/ros2_control_demo_example_15:/home/bars/icarus_ws/install/ros2_control_demo_example_13:/home/bars/icarus_ws/install/ros2_control_demo_example_5:/home/bars/icarus_ws/install/ros2_control_demo_example_4:/home/bars/icarus_ws/install/ros2_control_demo_example_3:/home/bars/icarus_ws/install/ros2_control_demo_example_2:/home/bars/icarus_ws/install/ros2_control_demo_example_14:/home/bars/icarus_ws/install/ros2_control_demo_example_12:/home/bars/icarus_ws/install/ros2_control_demo_example_11:/home/bars/icarus_ws/install/ros2_control_demo_example_10:/home/bars/icarus_ws/install/ros2_control_demo_example_1:/opt/ros/humble /usr/bin/cmake --install /home/bars/icarus_ws/build/ros2_control_demo_example_10
[8.534s] Level 1:colcon.colcon_core.environment:checking '/home/bars/icarus_ws/install/ros2_control_demo_example_10' for CMake config files
[8.534s] Level 1:colcon.colcon_core.shell:create_environment_hook('ros2_control_demo_example_10', 'cmake_prefix_path')
[8.534s] INFO:colcon.colcon_core.shell:Creating environment hook '/home/bars/icarus_ws/install/ros2_control_demo_example_10/share/ros2_control_demo_example_10/hook/cmake_prefix_path.ps1'
[8.535s] INFO:colcon.colcon_core.shell:Creating environment descriptor '/home/bars/icarus_ws/install/ros2_control_demo_example_10/share/ros2_control_demo_example_10/hook/cmake_prefix_path.dsv'
[8.535s] INFO:colcon.colcon_core.shell:Creating environment hook '/home/bars/icarus_ws/install/ros2_control_demo_example_10/share/ros2_control_demo_example_10/hook/cmake_prefix_path.sh'
[8.536s] Level 1:colcon.colcon_core.environment:checking '/home/bars/icarus_ws/install/ros2_control_demo_example_10/lib'
[8.536s] Level 1:colcon.colcon_core.shell:create_environment_hook('ros2_control_demo_example_10', 'ld_library_path_lib')
[8.537s] INFO:colcon.colcon_core.shell:Creating environment hook '/home/bars/icarus_ws/install/ros2_control_demo_example_10/share/ros2_control_demo_example_10/hook/ld_library_path_lib.ps1'
[8.537s] INFO:colcon.colcon_core.shell:Creating environment descriptor '/home/bars/icarus_ws/install/ros2_control_demo_example_10/share/ros2_control_demo_example_10/hook/ld_library_path_lib.dsv'
[8.538s] INFO:colcon.colcon_core.shell:Creating environment hook '/home/bars/icarus_ws/install/ros2_control_demo_example_10/share/ros2_control_demo_example_10/hook/ld_library_path_lib.sh'
[8.538s] Level 1:colcon.colcon_core.environment:checking '/home/bars/icarus_ws/install/ros2_control_demo_example_10/bin'
[8.538s] Level 1:colcon.colcon_core.environment:checking '/home/bars/icarus_ws/install/ros2_control_demo_example_10/lib/pkgconfig/ros2_control_demo_example_10.pc'
[8.539s] Level 1:colcon.colcon_core.environment:checking '/home/bars/icarus_ws/install/ros2_control_demo_example_10/lib/python3.10/site-packages'
[8.539s] Level 1:colcon.colcon_core.environment:checking '/home/bars/icarus_ws/install/ros2_control_demo_example_10/bin'
[8.540s] INFO:colcon.colcon_core.shell:Creating package script '/home/bars/icarus_ws/install/ros2_control_demo_example_10/share/ros2_control_demo_example_10/package.ps1'
[8.541s] INFO:colcon.colcon_core.shell:Creating package descriptor '/home/bars/icarus_ws/install/ros2_control_demo_example_10/share/ros2_control_demo_example_10/package.dsv'
[8.541s] INFO:colcon.colcon_core.shell:Creating package script '/home/bars/icarus_ws/install/ros2_control_demo_example_10/share/ros2_control_demo_example_10/package.sh'
[8.542s] INFO:colcon.colcon_core.shell:Creating package script '/home/bars/icarus_ws/install/ros2_control_demo_example_10/share/ros2_control_demo_example_10/package.bash'
[8.542s] INFO:colcon.colcon_core.shell:Creating package script '/home/bars/icarus_ws/install/ros2_control_demo_example_10/share/ros2_control_demo_example_10/package.zsh'
[8.543s] Level 1:colcon.colcon_core.environment:create_file_with_runtime_dependencies(/home/bars/icarus_ws/install/ros2_control_demo_example_10/share/colcon-core/packages/ros2_control_demo_example_10)
[8.544s] Level 1:colcon.colcon_core.environment:create_environment_scripts_only(ros2_control_demo_example_10)
[8.544s] Level 1:colcon.colcon_core.environment:checking '/home/bars/icarus_ws/install/ros2_control_demo_example_10' for CMake module files
[8.545s] Level 1:colcon.colcon_core.environment:checking '/home/bars/icarus_ws/install/ros2_control_demo_example_10' for CMake config files
[8.546s] Level 1:colcon.colcon_core.shell:create_environment_hook('ros2_control_demo_example_10', 'cmake_prefix_path')
[8.546s] INFO:colcon.colcon_core.shell:Creating environment hook '/home/bars/icarus_ws/install/ros2_control_demo_example_10/share/ros2_control_demo_example_10/hook/cmake_prefix_path.ps1'
[8.547s] INFO:colcon.colcon_core.shell:Creating environment descriptor '/home/bars/icarus_ws/install/ros2_control_demo_example_10/share/ros2_control_demo_example_10/hook/cmake_prefix_path.dsv'
[8.548s] INFO:colcon.colcon_core.shell:Creating environment hook '/home/bars/icarus_ws/install/ros2_control_demo_example_10/share/ros2_control_demo_example_10/hook/cmake_prefix_path.sh'
[8.549s] Level 1:colcon.colcon_core.environment:checking '/home/bars/icarus_ws/install/ros2_control_demo_example_10/lib'
[8.549s] Level 1:colcon.colcon_core.shell:create_environment_hook('ros2_control_demo_example_10', 'ld_library_path_lib')
[8.549s] INFO:colcon.colcon_core.shell:Creating environment hook '/home/bars/icarus_ws/install/ros2_control_demo_example_10/share/ros2_control_demo_example_10/hook/ld_library_path_lib.ps1'
[8.550s] INFO:colcon.colcon_core.shell:Creating environment descriptor '/home/bars/icarus_ws/install/ros2_control_demo_example_10/share/ros2_control_demo_example_10/hook/ld_library_path_lib.dsv'
[8.550s] INFO:colcon.colcon_core.shell:Creating environment hook '/home/bars/icarus_ws/install/ros2_control_demo_example_10/share/ros2_control_demo_example_10/hook/ld_library_path_lib.sh'
[8.550s] Level 1:colcon.colcon_core.environment:checking '/home/bars/icarus_ws/install/ros2_control_demo_example_10/bin'
[8.550s] Level 1:colcon.colcon_core.environment:checking '/home/bars/icarus_ws/install/ros2_control_demo_example_10/lib/pkgconfig/ros2_control_demo_example_10.pc'
[8.550s] Level 1:colcon.colcon_core.environment:checking '/home/bars/icarus_ws/install/ros2_control_demo_example_10/lib/python3.10/site-packages'
[8.551s] Level 1:colcon.colcon_core.environment:checking '/home/bars/icarus_ws/install/ros2_control_demo_example_10/bin'
[8.551s] INFO:colcon.colcon_core.shell:Creating package script '/home/bars/icarus_ws/install/ros2_control_demo_example_10/share/ros2_control_demo_example_10/package.ps1'
[8.551s] INFO:colcon.colcon_core.shell:Creating package descriptor '/home/bars/icarus_ws/install/ros2_control_demo_example_10/share/ros2_control_demo_example_10/package.dsv'
[8.552s] INFO:colcon.colcon_core.shell:Creating package script '/home/bars/icarus_ws/install/ros2_control_demo_example_10/share/ros2_control_demo_example_10/package.sh'
[8.552s] INFO:colcon.colcon_core.shell:Creating package script '/home/bars/icarus_ws/install/ros2_control_demo_example_10/share/ros2_control_demo_example_10/package.bash'
[8.553s] INFO:colcon.colcon_core.shell:Creating package script '/home/bars/icarus_ws/install/ros2_control_demo_example_10/share/ros2_control_demo_example_10/package.zsh'
[8.553s] Level 1:colcon.colcon_core.environment:create_file_with_runtime_dependencies(/home/bars/icarus_ws/install/ros2_control_demo_example_10/share/colcon-core/packages/ros2_control_demo_example_10)
[8.553s] Level 1:colcon.colcon_core.environment:create_environment_scripts_only(ros2_control_demo_example_6)
[8.553s] Level 1:colcon.colcon_core.environment:checking '/home/bars/icarus_ws/install/ros2_control_demo_example_6' for CMake module files
[8.554s] DEBUG:colcon.colcon_core.event_handler.log_command:Invoked command in '/home/bars/icarus_ws/build/ros2_control_demo_example_6' returned '0': CMAKE_PREFIX_PATH=/home/bars/icarus_ws/install/ros2_control_demo_description:/home/bars/icarus_ws/install/ros2_control_demos:/home/bars/icarus_ws/install/ros2_control_demo_example_9:/home/bars/icarus_ws/install/ros2_control_demo_example_8:/home/bars/icarus_ws/install/ros2_control_demo_example_7:/home/bars/icarus_ws/install/ros2_control_demo_example_6:/home/bars/icarus_ws/install/ros2_control_demo_example_15:/home/bars/icarus_ws/install/ros2_control_demo_example_13:/home/bars/icarus_ws/install/ros2_control_demo_example_5:/home/bars/icarus_ws/install/ros2_control_demo_example_4:/home/bars/icarus_ws/install/ros2_control_demo_example_3:/home/bars/icarus_ws/install/ros2_control_demo_example_2:/home/bars/icarus_ws/install/ros2_control_demo_example_14:/home/bars/icarus_ws/install/ros2_control_demo_example_12:/home/bars/icarus_ws/install/ros2_control_demo_example_11:/home/bars/icarus_ws/install/ros2_control_demo_example_10:/home/bars/icarus_ws/install/ros2_control_demo_example_1:/opt/ros/humble /usr/bin/cmake --install /home/bars/icarus_ws/build/ros2_control_demo_example_6
[8.555s] Level 1:colcon.colcon_core.environment:checking '/home/bars/icarus_ws/install/ros2_control_demo_example_6' for CMake config files
[8.555s] Level 1:colcon.colcon_core.shell:create_environment_hook('ros2_control_demo_example_6', 'cmake_prefix_path')
[8.556s] INFO:colcon.colcon_core.shell:Creating environment hook '/home/bars/icarus_ws/install/ros2_control_demo_example_6/share/ros2_control_demo_example_6/hook/cmake_prefix_path.ps1'
[8.556s] INFO:colcon.colcon_core.shell:Creating environment descriptor '/home/bars/icarus_ws/install/ros2_control_demo_example_6/share/ros2_control_demo_example_6/hook/cmake_prefix_path.dsv'
[8.557s] INFO:colcon.colcon_core.shell:Creating environment hook '/home/bars/icarus_ws/install/ros2_control_demo_example_6/share/ros2_control_demo_example_6/hook/cmake_prefix_path.sh'
[8.558s] Level 1:colcon.colcon_core.environment:checking '/home/bars/icarus_ws/install/ros2_control_demo_example_6/lib'
[8.558s] Level 1:colcon.colcon_core.shell:create_environment_hook('ros2_control_demo_example_6', 'ld_library_path_lib')
[8.558s] INFO:colcon.colcon_core.shell:Creating environment hook '/home/bars/icarus_ws/install/ros2_control_demo_example_6/share/ros2_control_demo_example_6/hook/ld_library_path_lib.ps1'
[8.559s] INFO:colcon.colcon_core.shell:Creating environment descriptor '/home/bars/icarus_ws/install/ros2_control_demo_example_6/share/ros2_control_demo_example_6/hook/ld_library_path_lib.dsv'
[8.559s] INFO:colcon.colcon_core.shell:Creating environment hook '/home/bars/icarus_ws/install/ros2_control_demo_example_6/share/ros2_control_demo_example_6/hook/ld_library_path_lib.sh'
[8.560s] Level 1:colcon.colcon_core.environment:checking '/home/bars/icarus_ws/install/ros2_control_demo_example_6/bin'
[8.560s] Level 1:colcon.colcon_core.environment:checking '/home/bars/icarus_ws/install/ros2_control_demo_example_6/lib/pkgconfig/ros2_control_demo_example_6.pc'
[8.560s] Level 1:colcon.colcon_core.environment:checking '/home/bars/icarus_ws/install/ros2_control_demo_example_6/lib/python3.10/site-packages'
[8.561s] Level 1:colcon.colcon_core.environment:checking '/home/bars/icarus_ws/install/ros2_control_demo_example_6/bin'
[8.561s] INFO:colcon.colcon_core.shell:Creating package script '/home/bars/icarus_ws/install/ros2_control_demo_example_6/share/ros2_control_demo_example_6/package.ps1'
[8.562s] INFO:colcon.colcon_core.shell:Creating package descriptor '/home/bars/icarus_ws/install/ros2_control_demo_example_6/share/ros2_control_demo_example_6/package.dsv'
[8.563s] INFO:colcon.colcon_core.shell:Creating package script '/home/bars/icarus_ws/install/ros2_control_demo_example_6/share/ros2_control_demo_example_6/package.sh'
[8.563s] INFO:colcon.colcon_core.shell:Creating package script '/home/bars/icarus_ws/install/ros2_control_demo_example_6/share/ros2_control_demo_example_6/package.bash'
[8.564s] INFO:colcon.colcon_core.shell:Creating package script '/home/bars/icarus_ws/install/ros2_control_demo_example_6/share/ros2_control_demo_example_6/package.zsh'
[8.564s] Level 1:colcon.colcon_core.environment:create_file_with_runtime_dependencies(/home/bars/icarus_ws/install/ros2_control_demo_example_6/share/colcon-core/packages/ros2_control_demo_example_6)
[8.564s] Level 1:colcon.colcon_core.environment:create_environment_scripts_only(ros2_control_demo_example_6)
[8.565s] Level 1:colcon.colcon_core.environment:checking '/home/bars/icarus_ws/install/ros2_control_demo_example_6' for CMake module files
[8.565s] Level 1:colcon.colcon_core.environment:checking '/home/bars/icarus_ws/install/ros2_control_demo_example_6' for CMake config files
[8.565s] Level 1:colcon.colcon_core.shell:create_environment_hook('ros2_control_demo_example_6', 'cmake_prefix_path')
[8.565s] INFO:colcon.colcon_core.shell:Creating environment hook '/home/bars/icarus_ws/install/ros2_control_demo_example_6/share/ros2_control_demo_example_6/hook/cmake_prefix_path.ps1'
[8.566s] INFO:colcon.colcon_core.shell:Creating environment descriptor '/home/bars/icarus_ws/install/ros2_control_demo_example_6/share/ros2_control_demo_example_6/hook/cmake_prefix_path.dsv'
[8.566s] INFO:colcon.colcon_core.shell:Creating environment hook '/home/bars/icarus_ws/install/ros2_control_demo_example_6/share/ros2_control_demo_example_6/hook/cmake_prefix_path.sh'
[8.567s] Level 1:colcon.colcon_core.environment:checking '/home/bars/icarus_ws/install/ros2_control_demo_example_6/lib'
[8.567s] Level 1:colcon.colcon_core.shell:create_environment_hook('ros2_control_demo_example_6', 'ld_library_path_lib')
[8.567s] INFO:colcon.colcon_core.shell:Creating environment hook '/home/bars/icarus_ws/install/ros2_control_demo_example_6/share/ros2_control_demo_example_6/hook/ld_library_path_lib.ps1'
[8.567s] INFO:colcon.colcon_core.shell:Creating environment descriptor '/home/bars/icarus_ws/install/ros2_control_demo_example_6/share/ros2_control_demo_example_6/hook/ld_library_path_lib.dsv'
[8.567s] INFO:colcon.colcon_core.shell:Creating environment hook '/home/bars/icarus_ws/install/ros2_control_demo_example_6/share/ros2_control_demo_example_6/hook/ld_library_path_lib.sh'
[8.568s] Level 1:colcon.colcon_core.environment:checking '/home/bars/icarus_ws/install/ros2_control_demo_example_6/bin'
[8.568s] Level 1:colcon.colcon_core.environment:checking '/home/bars/icarus_ws/install/ros2_control_demo_example_6/lib/pkgconfig/ros2_control_demo_example_6.pc'
[8.568s] Level 1:colcon.colcon_core.environment:checking '/home/bars/icarus_ws/install/ros2_control_demo_example_6/lib/python3.10/site-packages'
[8.568s] Level 1:colcon.colcon_core.environment:checking '/home/bars/icarus_ws/install/ros2_control_demo_example_6/bin'
[8.568s] INFO:colcon.colcon_core.shell:Creating package script '/home/bars/icarus_ws/install/ros2_control_demo_example_6/share/ros2_control_demo_example_6/package.ps1'
[8.569s] INFO:colcon.colcon_core.shell:Creating package descriptor '/home/bars/icarus_ws/install/ros2_control_demo_example_6/share/ros2_control_demo_example_6/package.dsv'
[8.570s] INFO:colcon.colcon_core.shell:Creating package script '/home/bars/icarus_ws/install/ros2_control_demo_example_6/share/ros2_control_demo_example_6/package.sh'
[8.571s] INFO:colcon.colcon_core.shell:Creating package script '/home/bars/icarus_ws/install/ros2_control_demo_example_6/share/ros2_control_demo_example_6/package.bash'
[8.572s] INFO:colcon.colcon_core.shell:Creating package script '/home/bars/icarus_ws/install/ros2_control_demo_example_6/share/ros2_control_demo_example_6/package.zsh'
[8.572s] Level 1:colcon.colcon_core.environment:create_file_with_runtime_dependencies(/home/bars/icarus_ws/install/ros2_control_demo_example_6/share/colcon-core/packages/ros2_control_demo_example_6)
[8.575s] DEBUG:colcon.colcon_core.event_handler.log_command:Invoked command in '/home/bars/icarus_ws/build/ros2_control_demo_example_14' returned '0': CMAKE_PREFIX_PATH=/home/bars/icarus_ws/install/ros2_control_demo_description:/home/bars/icarus_ws/install/ros2_control_demos:/home/bars/icarus_ws/install/ros2_control_demo_example_9:/home/bars/icarus_ws/install/ros2_control_demo_example_8:/home/bars/icarus_ws/install/ros2_control_demo_example_7:/home/bars/icarus_ws/install/ros2_control_demo_example_6:/home/bars/icarus_ws/install/ros2_control_demo_example_15:/home/bars/icarus_ws/install/ros2_control_demo_example_13:/home/bars/icarus_ws/install/ros2_control_demo_example_5:/home/bars/icarus_ws/install/ros2_control_demo_example_4:/home/bars/icarus_ws/install/ros2_control_demo_example_3:/home/bars/icarus_ws/install/ros2_control_demo_example_2:/home/bars/icarus_ws/install/ros2_control_demo_example_14:/home/bars/icarus_ws/install/ros2_control_demo_example_12:/home/bars/icarus_ws/install/ros2_control_demo_example_11:/home/bars/icarus_ws/install/ros2_control_demo_example_10:/home/bars/icarus_ws/install/ros2_control_demo_example_1:/opt/ros/humble /usr/bin/cmake --build /home/bars/icarus_ws/build/ros2_control_demo_example_14 -- -j20 -l20
[8.577s] DEBUG:colcon.colcon_core.event_handler.log_command:Invoking command in '/home/bars/icarus_ws/build/ros2_control_demo_example_14': CMAKE_PREFIX_PATH=/home/bars/icarus_ws/install/ros2_control_demo_description:/home/bars/icarus_ws/install/ros2_control_demos:/home/bars/icarus_ws/install/ros2_control_demo_example_9:/home/bars/icarus_ws/install/ros2_control_demo_example_8:/home/bars/icarus_ws/install/ros2_control_demo_example_7:/home/bars/icarus_ws/install/ros2_control_demo_example_6:/home/bars/icarus_ws/install/ros2_control_demo_example_15:/home/bars/icarus_ws/install/ros2_control_demo_example_13:/home/bars/icarus_ws/install/ros2_control_demo_example_5:/home/bars/icarus_ws/install/ros2_control_demo_example_4:/home/bars/icarus_ws/install/ros2_control_demo_example_3:/home/bars/icarus_ws/install/ros2_control_demo_example_2:/home/bars/icarus_ws/install/ros2_control_demo_example_14:/home/bars/icarus_ws/install/ros2_control_demo_example_12:/home/bars/icarus_ws/install/ros2_control_demo_example_11:/home/bars/icarus_ws/install/ros2_control_demo_example_10:/home/bars/icarus_ws/install/ros2_control_demo_example_1:/opt/ros/humble /usr/bin/cmake --install /home/bars/icarus_ws/build/ros2_control_demo_example_14
[8.580s] DEBUG:colcon.colcon_core.event_handler.log_command:Invoking command in '/home/bars/icarus_ws/build/ros2_control_demo_example_15': CMAKE_PREFIX_PATH=/home/bars/icarus_ws/install/ros2_control_demo_example_5:/home/bars/icarus_ws/install/ros2_control_demo_example_1:/home/bars/icarus_ws/install/ros2_control_demo_description:/home/bars/icarus_ws/install/ros2_control_demos:/home/bars/icarus_ws/install/ros2_control_demo_example_9:/home/bars/icarus_ws/install/ros2_control_demo_example_8:/home/bars/icarus_ws/install/ros2_control_demo_example_7:/home/bars/icarus_ws/install/ros2_control_demo_example_6:/home/bars/icarus_ws/install/ros2_control_demo_example_15:/home/bars/icarus_ws/install/ros2_control_demo_example_13:/home/bars/icarus_ws/install/ros2_control_demo_example_4:/home/bars/icarus_ws/install/ros2_control_demo_example_3:/home/bars/icarus_ws/install/ros2_control_demo_example_2:/home/bars/icarus_ws/install/ros2_control_demo_example_14:/home/bars/icarus_ws/install/ros2_control_demo_example_12:/home/bars/icarus_ws/install/ros2_control_demo_example_11:/home/bars/icarus_ws/install/ros2_control_demo_example_10:/opt/ros/humble LD_LIBRARY_PATH=/home/bars/icarus_ws/install/ros2_control_demo_example_5/lib:/home/bars/icarus_ws/install/ros2_control_demo_example_1/lib:/home/bars/icarus_ws/install/ros2_control_demo_example_9/lib:/home/bars/icarus_ws/install/ros2_control_demo_example_8/lib:/home/bars/icarus_ws/install/ros2_control_demo_example_7/lib:/home/bars/icarus_ws/install/ros2_control_demo_example_6/lib:/home/bars/icarus_ws/install/ros2_control_demo_example_4/lib:/home/bars/icarus_ws/install/ros2_control_demo_example_3/lib:/home/bars/icarus_ws/install/ros2_control_demo_example_2/lib:/home/bars/icarus_ws/install/ros2_control_demo_example_14/lib:/home/bars/icarus_ws/install/ros2_control_demo_example_12/lib:/home/bars/icarus_ws/install/ros2_control_demo_example_11/lib:/home/bars/icarus_ws/install/ros2_control_demo_example_10/lib:/usr/lib/x86_64-linux-gnu/gazebo-11/plugins:/opt/ros/humble/opt/rviz_ogre_vendor/lib:/opt/ros/humble/lib/x86_64-linux-gnu:/opt/ros/humble/lib /usr/bin/cmake /home/bars/icarus_ws/src/ros2_control_demos/example_15 -DAMENT_CMAKE_SYMLINK_INSTALL=1 -DCMAKE_INSTALL_PREFIX=/home/bars/icarus_ws/install/ros2_control_demo_example_15
[8.646s] DEBUG:colcon.colcon_core.event_handler.log_command:Invoked command in '/home/bars/icarus_ws/build/ros2_control_demo_example_3' returned '0': CMAKE_PREFIX_PATH=/home/bars/icarus_ws/install/ros2_control_demo_description:/home/bars/icarus_ws/install/ros2_control_demos:/home/bars/icarus_ws/install/ros2_control_demo_example_9:/home/bars/icarus_ws/install/ros2_control_demo_example_8:/home/bars/icarus_ws/install/ros2_control_demo_example_7:/home/bars/icarus_ws/install/ros2_control_demo_example_6:/home/bars/icarus_ws/install/ros2_control_demo_example_15:/home/bars/icarus_ws/install/ros2_control_demo_example_13:/home/bars/icarus_ws/install/ros2_control_demo_example_5:/home/bars/icarus_ws/install/ros2_control_demo_example_4:/home/bars/icarus_ws/install/ros2_control_demo_example_3:/home/bars/icarus_ws/install/ros2_control_demo_example_2:/home/bars/icarus_ws/install/ros2_control_demo_example_14:/home/bars/icarus_ws/install/ros2_control_demo_example_12:/home/bars/icarus_ws/install/ros2_control_demo_example_11:/home/bars/icarus_ws/install/ros2_control_demo_example_10:/home/bars/icarus_ws/install/ros2_control_demo_example_1:/opt/ros/humble /usr/bin/cmake --build /home/bars/icarus_ws/build/ros2_control_demo_example_3 -- -j20 -l20
[8.649s] DEBUG:colcon.colcon_core.event_handler.log_command:Invoking command in '/home/bars/icarus_ws/build/ros2_control_demo_example_3': CMAKE_PREFIX_PATH=/home/bars/icarus_ws/install/ros2_control_demo_description:/home/bars/icarus_ws/install/ros2_control_demos:/home/bars/icarus_ws/install/ros2_control_demo_example_9:/home/bars/icarus_ws/install/ros2_control_demo_example_8:/home/bars/icarus_ws/install/ros2_control_demo_example_7:/home/bars/icarus_ws/install/ros2_control_demo_example_6:/home/bars/icarus_ws/install/ros2_control_demo_example_15:/home/bars/icarus_ws/install/ros2_control_demo_example_13:/home/bars/icarus_ws/install/ros2_control_demo_example_5:/home/bars/icarus_ws/install/ros2_control_demo_example_4:/home/bars/icarus_ws/install/ros2_control_demo_example_3:/home/bars/icarus_ws/install/ros2_control_demo_example_2:/home/bars/icarus_ws/install/ros2_control_demo_example_14:/home/bars/icarus_ws/install/ros2_control_demo_example_12:/home/bars/icarus_ws/install/ros2_control_demo_example_11:/home/bars/icarus_ws/install/ros2_control_demo_example_10:/home/bars/icarus_ws/install/ros2_control_demo_example_1:/opt/ros/humble /usr/bin/cmake --install /home/bars/icarus_ws/build/ros2_control_demo_example_3
[8.676s] Level 1:colcon.colcon_core.environment:create_environment_scripts_only(ros2_control_demo_example_4)
[8.677s] Level 1:colcon.colcon_core.environment:checking '/home/bars/icarus_ws/install/ros2_control_demo_example_4' for CMake module files
[8.677s] DEBUG:colcon.colcon_core.event_handler.log_command:Invoked command in '/home/bars/icarus_ws/build/ros2_control_demo_example_4' returned '0': CMAKE_PREFIX_PATH=/home/bars/icarus_ws/install/ros2_control_demo_description:/home/bars/icarus_ws/install/ros2_control_demos:/home/bars/icarus_ws/install/ros2_control_demo_example_9:/home/bars/icarus_ws/install/ros2_control_demo_example_8:/home/bars/icarus_ws/install/ros2_control_demo_example_7:/home/bars/icarus_ws/install/ros2_control_demo_example_6:/home/bars/icarus_ws/install/ros2_control_demo_example_15:/home/bars/icarus_ws/install/ros2_control_demo_example_13:/home/bars/icarus_ws/install/ros2_control_demo_example_5:/home/bars/icarus_ws/install/ros2_control_demo_example_4:/home/bars/icarus_ws/install/ros2_control_demo_example_3:/home/bars/icarus_ws/install/ros2_control_demo_example_2:/home/bars/icarus_ws/install/ros2_control_demo_example_14:/home/bars/icarus_ws/install/ros2_control_demo_example_12:/home/bars/icarus_ws/install/ros2_control_demo_example_11:/home/bars/icarus_ws/install/ros2_control_demo_example_10:/home/bars/icarus_ws/install/ros2_control_demo_example_1:/opt/ros/humble /usr/bin/cmake --install /home/bars/icarus_ws/build/ros2_control_demo_example_4
[8.678s] Level 1:colcon.colcon_core.environment:checking '/home/bars/icarus_ws/install/ros2_control_demo_example_4' for CMake config files
[8.679s] Level 1:colcon.colcon_core.shell:create_environment_hook('ros2_control_demo_example_4', 'cmake_prefix_path')
[8.679s] INFO:colcon.colcon_core.shell:Creating environment hook '/home/bars/icarus_ws/install/ros2_control_demo_example_4/share/ros2_control_demo_example_4/hook/cmake_prefix_path.ps1'
[8.680s] INFO:colcon.colcon_core.shell:Creating environment descriptor '/home/bars/icarus_ws/install/ros2_control_demo_example_4/share/ros2_control_demo_example_4/hook/cmake_prefix_path.dsv'
[8.681s] INFO:colcon.colcon_core.shell:Creating environment hook '/home/bars/icarus_ws/install/ros2_control_demo_example_4/share/ros2_control_demo_example_4/hook/cmake_prefix_path.sh'
[8.681s] Level 1:colcon.colcon_core.environment:checking '/home/bars/icarus_ws/install/ros2_control_demo_example_4/lib'
[8.681s] Level 1:colcon.colcon_core.shell:create_environment_hook('ros2_control_demo_example_4', 'ld_library_path_lib')
[8.682s] INFO:colcon.colcon_core.shell:Creating environment hook '/home/bars/icarus_ws/install/ros2_control_demo_example_4/share/ros2_control_demo_example_4/hook/ld_library_path_lib.ps1'
[8.682s] INFO:colcon.colcon_core.shell:Creating environment descriptor '/home/bars/icarus_ws/install/ros2_control_demo_example_4/share/ros2_control_demo_example_4/hook/ld_library_path_lib.dsv'
[8.682s] INFO:colcon.colcon_core.shell:Creating environment hook '/home/bars/icarus_ws/install/ros2_control_demo_example_4/share/ros2_control_demo_example_4/hook/ld_library_path_lib.sh'
[8.682s] Level 1:colcon.colcon_core.environment:checking '/home/bars/icarus_ws/install/ros2_control_demo_example_4/bin'
[8.682s] Level 1:colcon.colcon_core.environment:checking '/home/bars/icarus_ws/install/ros2_control_demo_example_4/lib/pkgconfig/ros2_control_demo_example_4.pc'
[8.682s] Level 1:colcon.colcon_core.environment:checking '/home/bars/icarus_ws/install/ros2_control_demo_example_4/lib/python3.10/site-packages'
[8.683s] Level 1:colcon.colcon_core.environment:checking '/home/bars/icarus_ws/install/ros2_control_demo_example_4/bin'
[8.683s] INFO:colcon.colcon_core.shell:Creating package script '/home/bars/icarus_ws/install/ros2_control_demo_example_4/share/ros2_control_demo_example_4/package.ps1'
[8.683s] INFO:colcon.colcon_core.shell:Creating package descriptor '/home/bars/icarus_ws/install/ros2_control_demo_example_4/share/ros2_control_demo_example_4/package.dsv'
[8.684s] INFO:colcon.colcon_core.shell:Creating package script '/home/bars/icarus_ws/install/ros2_control_demo_example_4/share/ros2_control_demo_example_4/package.sh'
[8.684s] INFO:colcon.colcon_core.shell:Creating package script '/home/bars/icarus_ws/install/ros2_control_demo_example_4/share/ros2_control_demo_example_4/package.bash'
[8.684s] INFO:colcon.colcon_core.shell:Creating package script '/home/bars/icarus_ws/install/ros2_control_demo_example_4/share/ros2_control_demo_example_4/package.zsh'
[8.685s] Level 1:colcon.colcon_core.environment:create_file_with_runtime_dependencies(/home/bars/icarus_ws/install/ros2_control_demo_example_4/share/colcon-core/packages/ros2_control_demo_example_4)
[8.685s] Level 1:colcon.colcon_core.environment:create_environment_scripts_only(ros2_control_demo_example_4)
[8.685s] Level 1:colcon.colcon_core.environment:checking '/home/bars/icarus_ws/install/ros2_control_demo_example_4' for CMake module files
[8.686s] Level 1:colcon.colcon_core.environment:checking '/home/bars/icarus_ws/install/ros2_control_demo_example_4' for CMake config files
[8.686s] Level 1:colcon.colcon_core.shell:create_environment_hook('ros2_control_demo_example_4', 'cmake_prefix_path')
[8.686s] INFO:colcon.colcon_core.shell:Creating environment hook '/home/bars/icarus_ws/install/ros2_control_demo_example_4/share/ros2_control_demo_example_4/hook/cmake_prefix_path.ps1'
[8.687s] INFO:colcon.colcon_core.shell:Creating environment descriptor '/home/bars/icarus_ws/install/ros2_control_demo_example_4/share/ros2_control_demo_example_4/hook/cmake_prefix_path.dsv'
[8.687s] INFO:colcon.colcon_core.shell:Creating environment hook '/home/bars/icarus_ws/install/ros2_control_demo_example_4/share/ros2_control_demo_example_4/hook/cmake_prefix_path.sh'
[8.687s] Level 1:colcon.colcon_core.environment:checking '/home/bars/icarus_ws/install/ros2_control_demo_example_4/lib'
[8.687s] Level 1:colcon.colcon_core.shell:create_environment_hook('ros2_control_demo_example_4', 'ld_library_path_lib')
[8.688s] INFO:colcon.colcon_core.shell:Creating environment hook '/home/bars/icarus_ws/install/ros2_control_demo_example_4/share/ros2_control_demo_example_4/hook/ld_library_path_lib.ps1'
[8.688s] INFO:colcon.colcon_core.shell:Creating environment descriptor '/home/bars/icarus_ws/install/ros2_control_demo_example_4/share/ros2_control_demo_example_4/hook/ld_library_path_lib.dsv'
[8.688s] INFO:colcon.colcon_core.shell:Creating environment hook '/home/bars/icarus_ws/install/ros2_control_demo_example_4/share/ros2_control_demo_example_4/hook/ld_library_path_lib.sh'
[8.689s] Level 1:colcon.colcon_core.environment:checking '/home/bars/icarus_ws/install/ros2_control_demo_example_4/bin'
[8.689s] Level 1:colcon.colcon_core.environment:checking '/home/bars/icarus_ws/install/ros2_control_demo_example_4/lib/pkgconfig/ros2_control_demo_example_4.pc'
[8.689s] Level 1:colcon.colcon_core.environment:checking '/home/bars/icarus_ws/install/ros2_control_demo_example_4/lib/python3.10/site-packages'
[8.689s] Level 1:colcon.colcon_core.environment:checking '/home/bars/icarus_ws/install/ros2_control_demo_example_4/bin'
[8.689s] INFO:colcon.colcon_core.shell:Creating package script '/home/bars/icarus_ws/install/ros2_control_demo_example_4/share/ros2_control_demo_example_4/package.ps1'
[8.690s] INFO:colcon.colcon_core.shell:Creating package descriptor '/home/bars/icarus_ws/install/ros2_control_demo_example_4/share/ros2_control_demo_example_4/package.dsv'
[8.690s] INFO:colcon.colcon_core.shell:Creating package script '/home/bars/icarus_ws/install/ros2_control_demo_example_4/share/ros2_control_demo_example_4/package.sh'
[8.691s] INFO:colcon.colcon_core.shell:Creating package script '/home/bars/icarus_ws/install/ros2_control_demo_example_4/share/ros2_control_demo_example_4/package.bash'
[8.691s] INFO:colcon.colcon_core.shell:Creating package script '/home/bars/icarus_ws/install/ros2_control_demo_example_4/share/ros2_control_demo_example_4/package.zsh'
[8.691s] Level 1:colcon.colcon_core.environment:create_file_with_runtime_dependencies(/home/bars/icarus_ws/install/ros2_control_demo_example_4/share/colcon-core/packages/ros2_control_demo_example_4)
[8.692s] INFO:colcon.colcon_ros.task.ament_cmake.build:Building ROS package in '/home/bars/icarus_ws/src/ros2_control_demos/example_13' with build type 'ament_cmake'
[8.692s] INFO:colcon.colcon_cmake.task.cmake.build:Building CMake package in '/home/bars/icarus_ws/src/ros2_control_demos/example_13'
[8.692s] INFO:colcon.colcon_core.shell:Skip shell extension 'powershell' for command environment: Not usable outside of PowerShell
[8.692s] DEBUG:colcon.colcon_core.shell:Skip shell extension 'dsv' for command environment
[8.711s] DEBUG:colcon.colcon_core.event_handler.log_command:Invoking command in '/home/bars/icarus_ws/build/ros2_control_demo_example_13': CMAKE_PREFIX_PATH=/home/bars/icarus_ws/install/ros2_control_demo_example_5:/home/bars/icarus_ws/install/ros2_control_demo_example_4:/home/bars/icarus_ws/install/ros2_control_demo_description:/home/bars/icarus_ws/install/ros2_control_demos:/home/bars/icarus_ws/install/ros2_control_demo_example_9:/home/bars/icarus_ws/install/ros2_control_demo_example_8:/home/bars/icarus_ws/install/ros2_control_demo_example_7:/home/bars/icarus_ws/install/ros2_control_demo_example_6:/home/bars/icarus_ws/install/ros2_control_demo_example_15:/home/bars/icarus_ws/install/ros2_control_demo_example_13:/home/bars/icarus_ws/install/ros2_control_demo_example_3:/home/bars/icarus_ws/install/ros2_control_demo_example_2:/home/bars/icarus_ws/install/ros2_control_demo_example_14:/home/bars/icarus_ws/install/ros2_control_demo_example_12:/home/bars/icarus_ws/install/ros2_control_demo_example_11:/home/bars/icarus_ws/install/ros2_control_demo_example_10:/home/bars/icarus_ws/install/ros2_control_demo_example_1:/opt/ros/humble LD_LIBRARY_PATH=/home/bars/icarus_ws/install/ros2_control_demo_example_5/lib:/home/bars/icarus_ws/install/ros2_control_demo_example_4/lib:/home/bars/icarus_ws/install/ros2_control_demo_example_9/lib:/home/bars/icarus_ws/install/ros2_control_demo_example_8/lib:/home/bars/icarus_ws/install/ros2_control_demo_example_7/lib:/home/bars/icarus_ws/install/ros2_control_demo_example_6/lib:/home/bars/icarus_ws/install/ros2_control_demo_example_3/lib:/home/bars/icarus_ws/install/ros2_control_demo_example_2/lib:/home/bars/icarus_ws/install/ros2_control_demo_example_14/lib:/home/bars/icarus_ws/install/ros2_control_demo_example_12/lib:/home/bars/icarus_ws/install/ros2_control_demo_example_11/lib:/home/bars/icarus_ws/install/ros2_control_demo_example_10/lib:/home/bars/icarus_ws/install/ros2_control_demo_example_1/lib:/usr/lib/x86_64-linux-gnu/gazebo-11/plugins:/opt/ros/humble/opt/rviz_ogre_vendor/lib:/opt/ros/humble/lib/x86_64-linux-gnu:/opt/ros/humble/lib /usr/bin/cmake /home/bars/icarus_ws/src/ros2_control_demos/example_13 -DAMENT_CMAKE_SYMLINK_INSTALL=1 -DCMAKE_INSTALL_PREFIX=/home/bars/icarus_ws/install/ros2_control_demo_example_13
[8.757s] DEBUG:colcon.colcon_core.event_handler.log_command:Invoked command in '/home/bars/icarus_ws/build/ros2_control_demo_example_9' returned '0': CMAKE_PREFIX_PATH=/home/bars/icarus_ws/install/ros2_control_demo_description:/home/bars/icarus_ws/install/ros2_control_demos:/home/bars/icarus_ws/install/ros2_control_demo_example_9:/home/bars/icarus_ws/install/ros2_control_demo_example_8:/home/bars/icarus_ws/install/ros2_control_demo_example_7:/home/bars/icarus_ws/install/ros2_control_demo_example_6:/home/bars/icarus_ws/install/ros2_control_demo_example_15:/home/bars/icarus_ws/install/ros2_control_demo_example_13:/home/bars/icarus_ws/install/ros2_control_demo_example_5:/home/bars/icarus_ws/install/ros2_control_demo_example_4:/home/bars/icarus_ws/install/ros2_control_demo_example_3:/home/bars/icarus_ws/install/ros2_control_demo_example_2:/home/bars/icarus_ws/install/ros2_control_demo_example_14:/home/bars/icarus_ws/install/ros2_control_demo_example_12:/home/bars/icarus_ws/install/ros2_control_demo_example_11:/home/bars/icarus_ws/install/ros2_control_demo_example_10:/home/bars/icarus_ws/install/ros2_control_demo_example_1:/opt/ros/humble /usr/bin/cmake --build /home/bars/icarus_ws/build/ros2_control_demo_example_9 -- -j20 -l20
[8.758s] DEBUG:colcon.colcon_core.event_handler.log_command:Invoking command in '/home/bars/icarus_ws/build/ros2_control_demo_example_9': CMAKE_PREFIX_PATH=/home/bars/icarus_ws/install/ros2_control_demo_description:/home/bars/icarus_ws/install/ros2_control_demos:/home/bars/icarus_ws/install/ros2_control_demo_example_9:/home/bars/icarus_ws/install/ros2_control_demo_example_8:/home/bars/icarus_ws/install/ros2_control_demo_example_7:/home/bars/icarus_ws/install/ros2_control_demo_example_6:/home/bars/icarus_ws/install/ros2_control_demo_example_15:/home/bars/icarus_ws/install/ros2_control_demo_example_13:/home/bars/icarus_ws/install/ros2_control_demo_example_5:/home/bars/icarus_ws/install/ros2_control_demo_example_4:/home/bars/icarus_ws/install/ros2_control_demo_example_3:/home/bars/icarus_ws/install/ros2_control_demo_example_2:/home/bars/icarus_ws/install/ros2_control_demo_example_14:/home/bars/icarus_ws/install/ros2_control_demo_example_12:/home/bars/icarus_ws/install/ros2_control_demo_example_11:/home/bars/icarus_ws/install/ros2_control_demo_example_10:/home/bars/icarus_ws/install/ros2_control_demo_example_1:/opt/ros/humble /usr/bin/cmake --install /home/bars/icarus_ws/build/ros2_control_demo_example_9
[8.853s] Level 1:colcon.colcon_core.environment:create_environment_scripts_only(ros2_control_demo_example_14)
[8.854s] Level 1:colcon.colcon_core.environment:checking '/home/bars/icarus_ws/install/ros2_control_demo_example_14' for CMake module files
[8.855s] DEBUG:colcon.colcon_core.event_handler.log_command:Invoked command in '/home/bars/icarus_ws/build/ros2_control_demo_example_14' returned '0': CMAKE_PREFIX_PATH=/home/bars/icarus_ws/install/ros2_control_demo_description:/home/bars/icarus_ws/install/ros2_control_demos:/home/bars/icarus_ws/install/ros2_control_demo_example_9:/home/bars/icarus_ws/install/ros2_control_demo_example_8:/home/bars/icarus_ws/install/ros2_control_demo_example_7:/home/bars/icarus_ws/install/ros2_control_demo_example_6:/home/bars/icarus_ws/install/ros2_control_demo_example_15:/home/bars/icarus_ws/install/ros2_control_demo_example_13:/home/bars/icarus_ws/install/ros2_control_demo_example_5:/home/bars/icarus_ws/install/ros2_control_demo_example_4:/home/bars/icarus_ws/install/ros2_control_demo_example_3:/home/bars/icarus_ws/install/ros2_control_demo_example_2:/home/bars/icarus_ws/install/ros2_control_demo_example_14:/home/bars/icarus_ws/install/ros2_control_demo_example_12:/home/bars/icarus_ws/install/ros2_control_demo_example_11:/home/bars/icarus_ws/install/ros2_control_demo_example_10:/home/bars/icarus_ws/install/ros2_control_demo_example_1:/opt/ros/humble /usr/bin/cmake --install /home/bars/icarus_ws/build/ros2_control_demo_example_14
[8.855s] Level 1:colcon.colcon_core.environment:checking '/home/bars/icarus_ws/install/ros2_control_demo_example_14' for CMake config files
[8.856s] Level 1:colcon.colcon_core.shell:create_environment_hook('ros2_control_demo_example_14', 'cmake_prefix_path')
[8.856s] INFO:colcon.colcon_core.shell:Creating environment hook '/home/bars/icarus_ws/install/ros2_control_demo_example_14/share/ros2_control_demo_example_14/hook/cmake_prefix_path.ps1'
[8.857s] INFO:colcon.colcon_core.shell:Creating environment descriptor '/home/bars/icarus_ws/install/ros2_control_demo_example_14/share/ros2_control_demo_example_14/hook/cmake_prefix_path.dsv'
[8.857s] INFO:colcon.colcon_core.shell:Creating environment hook '/home/bars/icarus_ws/install/ros2_control_demo_example_14/share/ros2_control_demo_example_14/hook/cmake_prefix_path.sh'
[8.858s] Level 1:colcon.colcon_core.environment:checking '/home/bars/icarus_ws/install/ros2_control_demo_example_14/lib'
[8.859s] Level 1:colcon.colcon_core.shell:create_environment_hook('ros2_control_demo_example_14', 'ld_library_path_lib')
[8.859s] INFO:colcon.colcon_core.shell:Creating environment hook '/home/bars/icarus_ws/install/ros2_control_demo_example_14/share/ros2_control_demo_example_14/hook/ld_library_path_lib.ps1'
[8.860s] INFO:colcon.colcon_core.shell:Creating environment descriptor '/home/bars/icarus_ws/install/ros2_control_demo_example_14/share/ros2_control_demo_example_14/hook/ld_library_path_lib.dsv'
[8.860s] INFO:colcon.colcon_core.shell:Creating environment hook '/home/bars/icarus_ws/install/ros2_control_demo_example_14/share/ros2_control_demo_example_14/hook/ld_library_path_lib.sh'
[8.861s] Level 1:colcon.colcon_core.environment:checking '/home/bars/icarus_ws/install/ros2_control_demo_example_14/bin'
[8.861s] Level 1:colcon.colcon_core.environment:checking '/home/bars/icarus_ws/install/ros2_control_demo_example_14/lib/pkgconfig/ros2_control_demo_example_14.pc'
[8.861s] Level 1:colcon.colcon_core.environment:checking '/home/bars/icarus_ws/install/ros2_control_demo_example_14/lib/python3.10/site-packages'
[8.862s] Level 1:colcon.colcon_core.environment:checking '/home/bars/icarus_ws/install/ros2_control_demo_example_14/bin'
[8.862s] INFO:colcon.colcon_core.shell:Creating package script '/home/bars/icarus_ws/install/ros2_control_demo_example_14/share/ros2_control_demo_example_14/package.ps1'
[8.863s] INFO:colcon.colcon_core.shell:Creating package descriptor '/home/bars/icarus_ws/install/ros2_control_demo_example_14/share/ros2_control_demo_example_14/package.dsv'
[8.864s] INFO:colcon.colcon_core.shell:Creating package script '/home/bars/icarus_ws/install/ros2_control_demo_example_14/share/ros2_control_demo_example_14/package.sh'
[8.864s] INFO:colcon.colcon_core.shell:Creating package script '/home/bars/icarus_ws/install/ros2_control_demo_example_14/share/ros2_control_demo_example_14/package.bash'
[8.865s] INFO:colcon.colcon_core.shell:Creating package script '/home/bars/icarus_ws/install/ros2_control_demo_example_14/share/ros2_control_demo_example_14/package.zsh'
[8.865s] Level 1:colcon.colcon_core.environment:create_file_with_runtime_dependencies(/home/bars/icarus_ws/install/ros2_control_demo_example_14/share/colcon-core/packages/ros2_control_demo_example_14)
[8.866s] Level 1:colcon.colcon_core.environment:create_environment_scripts_only(ros2_control_demo_example_14)
[8.866s] Level 1:colcon.colcon_core.environment:checking '/home/bars/icarus_ws/install/ros2_control_demo_example_14' for CMake module files
[8.867s] Level 1:colcon.colcon_core.environment:checking '/home/bars/icarus_ws/install/ros2_control_demo_example_14' for CMake config files
[8.868s] Level 1:colcon.colcon_core.shell:create_environment_hook('ros2_control_demo_example_14', 'cmake_prefix_path')
[8.868s] INFO:colcon.colcon_core.shell:Creating environment hook '/home/bars/icarus_ws/install/ros2_control_demo_example_14/share/ros2_control_demo_example_14/hook/cmake_prefix_path.ps1'
[8.869s] INFO:colcon.colcon_core.shell:Creating environment descriptor '/home/bars/icarus_ws/install/ros2_control_demo_example_14/share/ros2_control_demo_example_14/hook/cmake_prefix_path.dsv'
[8.869s] INFO:colcon.colcon_core.shell:Creating environment hook '/home/bars/icarus_ws/install/ros2_control_demo_example_14/share/ros2_control_demo_example_14/hook/cmake_prefix_path.sh'
[8.871s] Level 1:colcon.colcon_core.environment:checking '/home/bars/icarus_ws/install/ros2_control_demo_example_14/lib'
[8.871s] Level 1:colcon.colcon_core.shell:create_environment_hook('ros2_control_demo_example_14', 'ld_library_path_lib')
[8.871s] INFO:colcon.colcon_core.shell:Creating environment hook '/home/bars/icarus_ws/install/ros2_control_demo_example_14/share/ros2_control_demo_example_14/hook/ld_library_path_lib.ps1'
[8.872s] INFO:colcon.colcon_core.shell:Creating environment descriptor '/home/bars/icarus_ws/install/ros2_control_demo_example_14/share/ros2_control_demo_example_14/hook/ld_library_path_lib.dsv'
[8.872s] INFO:colcon.colcon_core.shell:Creating environment hook '/home/bars/icarus_ws/install/ros2_control_demo_example_14/share/ros2_control_demo_example_14/hook/ld_library_path_lib.sh'
[8.873s] Level 1:colcon.colcon_core.environment:checking '/home/bars/icarus_ws/install/ros2_control_demo_example_14/bin'
[8.873s] Level 1:colcon.colcon_core.environment:checking '/home/bars/icarus_ws/install/ros2_control_demo_example_14/lib/pkgconfig/ros2_control_demo_example_14.pc'
[8.873s] Level 1:colcon.colcon_core.environment:checking '/home/bars/icarus_ws/install/ros2_control_demo_example_14/lib/python3.10/site-packages'
[8.874s] Level 1:colcon.colcon_core.environment:checking '/home/bars/icarus_ws/install/ros2_control_demo_example_14/bin'
[8.874s] INFO:colcon.colcon_core.shell:Creating package script '/home/bars/icarus_ws/install/ros2_control_demo_example_14/share/ros2_control_demo_example_14/package.ps1'
[8.875s] INFO:colcon.colcon_core.shell:Creating package descriptor '/home/bars/icarus_ws/install/ros2_control_demo_example_14/share/ros2_control_demo_example_14/package.dsv'
[8.876s] INFO:colcon.colcon_core.shell:Creating package script '/home/bars/icarus_ws/install/ros2_control_demo_example_14/share/ros2_control_demo_example_14/package.sh'
[8.876s] INFO:colcon.colcon_core.shell:Creating package script '/home/bars/icarus_ws/install/ros2_control_demo_example_14/share/ros2_control_demo_example_14/package.bash'
[8.877s] INFO:colcon.colcon_core.shell:Creating package script '/home/bars/icarus_ws/install/ros2_control_demo_example_14/share/ros2_control_demo_example_14/package.zsh'
[8.878s] Level 1:colcon.colcon_core.environment:create_file_with_runtime_dependencies(/home/bars/icarus_ws/install/ros2_control_demo_example_14/share/colcon-core/packages/ros2_control_demo_example_14)
[8.927s] Level 1:colcon.colcon_core.environment:create_environment_scripts_only(ros2_control_demo_example_3)
[8.927s] Level 1:colcon.colcon_core.environment:checking '/home/bars/icarus_ws/install/ros2_control_demo_example_3' for CMake module files
[8.928s] DEBUG:colcon.colcon_core.event_handler.log_command:Invoked command in '/home/bars/icarus_ws/build/ros2_control_demo_example_3' returned '0': CMAKE_PREFIX_PATH=/home/bars/icarus_ws/install/ros2_control_demo_description:/home/bars/icarus_ws/install/ros2_control_demos:/home/bars/icarus_ws/install/ros2_control_demo_example_9:/home/bars/icarus_ws/install/ros2_control_demo_example_8:/home/bars/icarus_ws/install/ros2_control_demo_example_7:/home/bars/icarus_ws/install/ros2_control_demo_example_6:/home/bars/icarus_ws/install/ros2_control_demo_example_15:/home/bars/icarus_ws/install/ros2_control_demo_example_13:/home/bars/icarus_ws/install/ros2_control_demo_example_5:/home/bars/icarus_ws/install/ros2_control_demo_example_4:/home/bars/icarus_ws/install/ros2_control_demo_example_3:/home/bars/icarus_ws/install/ros2_control_demo_example_2:/home/bars/icarus_ws/install/ros2_control_demo_example_14:/home/bars/icarus_ws/install/ros2_control_demo_example_12:/home/bars/icarus_ws/install/ros2_control_demo_example_11:/home/bars/icarus_ws/install/ros2_control_demo_example_10:/home/bars/icarus_ws/install/ros2_control_demo_example_1:/opt/ros/humble /usr/bin/cmake --install /home/bars/icarus_ws/build/ros2_control_demo_example_3
[8.928s] Level 1:colcon.colcon_core.environment:checking '/home/bars/icarus_ws/install/ros2_control_demo_example_3' for CMake config files
[8.929s] Level 1:colcon.colcon_core.shell:create_environment_hook('ros2_control_demo_example_3', 'cmake_prefix_path')
[8.929s] INFO:colcon.colcon_core.shell:Creating environment hook '/home/bars/icarus_ws/install/ros2_control_demo_example_3/share/ros2_control_demo_example_3/hook/cmake_prefix_path.ps1'
[8.930s] INFO:colcon.colcon_core.shell:Creating environment descriptor '/home/bars/icarus_ws/install/ros2_control_demo_example_3/share/ros2_control_demo_example_3/hook/cmake_prefix_path.dsv'
[8.931s] INFO:colcon.colcon_core.shell:Creating environment hook '/home/bars/icarus_ws/install/ros2_control_demo_example_3/share/ros2_control_demo_example_3/hook/cmake_prefix_path.sh'
[8.931s] Level 1:colcon.colcon_core.environment:checking '/home/bars/icarus_ws/install/ros2_control_demo_example_3/lib'
[8.931s] Level 1:colcon.colcon_core.shell:create_environment_hook('ros2_control_demo_example_3', 'ld_library_path_lib')
[8.932s] INFO:colcon.colcon_core.shell:Creating environment hook '/home/bars/icarus_ws/install/ros2_control_demo_example_3/share/ros2_control_demo_example_3/hook/ld_library_path_lib.ps1'
[8.932s] INFO:colcon.colcon_core.shell:Creating environment descriptor '/home/bars/icarus_ws/install/ros2_control_demo_example_3/share/ros2_control_demo_example_3/hook/ld_library_path_lib.dsv'
[8.933s] INFO:colcon.colcon_core.shell:Creating environment hook '/home/bars/icarus_ws/install/ros2_control_demo_example_3/share/ros2_control_demo_example_3/hook/ld_library_path_lib.sh'
[8.933s] Level 1:colcon.colcon_core.environment:checking '/home/bars/icarus_ws/install/ros2_control_demo_example_3/bin'
[8.933s] Level 1:colcon.colcon_core.environment:checking '/home/bars/icarus_ws/install/ros2_control_demo_example_3/lib/pkgconfig/ros2_control_demo_example_3.pc'
[8.934s] Level 1:colcon.colcon_core.environment:checking '/home/bars/icarus_ws/install/ros2_control_demo_example_3/lib/python3.10/site-packages'
[8.934s] Level 1:colcon.colcon_core.environment:checking '/home/bars/icarus_ws/install/ros2_control_demo_example_3/bin'
[8.934s] INFO:colcon.colcon_core.shell:Creating package script '/home/bars/icarus_ws/install/ros2_control_demo_example_3/share/ros2_control_demo_example_3/package.ps1'
[8.935s] INFO:colcon.colcon_core.shell:Creating package descriptor '/home/bars/icarus_ws/install/ros2_control_demo_example_3/share/ros2_control_demo_example_3/package.dsv'
[8.935s] INFO:colcon.colcon_core.shell:Creating package script '/home/bars/icarus_ws/install/ros2_control_demo_example_3/share/ros2_control_demo_example_3/package.sh'
[8.935s] INFO:colcon.colcon_core.shell:Creating package script '/home/bars/icarus_ws/install/ros2_control_demo_example_3/share/ros2_control_demo_example_3/package.bash'
[8.936s] INFO:colcon.colcon_core.shell:Creating package script '/home/bars/icarus_ws/install/ros2_control_demo_example_3/share/ros2_control_demo_example_3/package.zsh'
[8.936s] Level 1:colcon.colcon_core.environment:create_file_with_runtime_dependencies(/home/bars/icarus_ws/install/ros2_control_demo_example_3/share/colcon-core/packages/ros2_control_demo_example_3)
[8.936s] Level 1:colcon.colcon_core.environment:create_environment_scripts_only(ros2_control_demo_example_3)
[8.937s] Level 1:colcon.colcon_core.environment:checking '/home/bars/icarus_ws/install/ros2_control_demo_example_3' for CMake module files
[8.937s] Level 1:colcon.colcon_core.environment:checking '/home/bars/icarus_ws/install/ros2_control_demo_example_3' for CMake config files
[8.937s] Level 1:colcon.colcon_core.shell:create_environment_hook('ros2_control_demo_example_3', 'cmake_prefix_path')
[8.937s] INFO:colcon.colcon_core.shell:Creating environment hook '/home/bars/icarus_ws/install/ros2_control_demo_example_3/share/ros2_control_demo_example_3/hook/cmake_prefix_path.ps1'
[8.938s] INFO:colcon.colcon_core.shell:Creating environment descriptor '/home/bars/icarus_ws/install/ros2_control_demo_example_3/share/ros2_control_demo_example_3/hook/cmake_prefix_path.dsv'
[8.938s] INFO:colcon.colcon_core.shell:Creating environment hook '/home/bars/icarus_ws/install/ros2_control_demo_example_3/share/ros2_control_demo_example_3/hook/cmake_prefix_path.sh'
[8.938s] Level 1:colcon.colcon_core.environment:checking '/home/bars/icarus_ws/install/ros2_control_demo_example_3/lib'
[8.938s] Level 1:colcon.colcon_core.shell:create_environment_hook('ros2_control_demo_example_3', 'ld_library_path_lib')
[8.939s] INFO:colcon.colcon_core.shell:Creating environment hook '/home/bars/icarus_ws/install/ros2_control_demo_example_3/share/ros2_control_demo_example_3/hook/ld_library_path_lib.ps1'
[8.939s] INFO:colcon.colcon_core.shell:Creating environment descriptor '/home/bars/icarus_ws/install/ros2_control_demo_example_3/share/ros2_control_demo_example_3/hook/ld_library_path_lib.dsv'
[8.939s] INFO:colcon.colcon_core.shell:Creating environment hook '/home/bars/icarus_ws/install/ros2_control_demo_example_3/share/ros2_control_demo_example_3/hook/ld_library_path_lib.sh'
[8.939s] Level 1:colcon.colcon_core.environment:checking '/home/bars/icarus_ws/install/ros2_control_demo_example_3/bin'
[8.939s] Level 1:colcon.colcon_core.environment:checking '/home/bars/icarus_ws/install/ros2_control_demo_example_3/lib/pkgconfig/ros2_control_demo_example_3.pc'
[8.939s] Level 1:colcon.colcon_core.environment:checking '/home/bars/icarus_ws/install/ros2_control_demo_example_3/lib/python3.10/site-packages'
[8.940s] Level 1:colcon.colcon_core.environment:checking '/home/bars/icarus_ws/install/ros2_control_demo_example_3/bin'
[8.940s] INFO:colcon.colcon_core.shell:Creating package script '/home/bars/icarus_ws/install/ros2_control_demo_example_3/share/ros2_control_demo_example_3/package.ps1'
[8.940s] INFO:colcon.colcon_core.shell:Creating package descriptor '/home/bars/icarus_ws/install/ros2_control_demo_example_3/share/ros2_control_demo_example_3/package.dsv'
[8.941s] INFO:colcon.colcon_core.shell:Creating package script '/home/bars/icarus_ws/install/ros2_control_demo_example_3/share/ros2_control_demo_example_3/package.sh'
[8.941s] INFO:colcon.colcon_core.shell:Creating package script '/home/bars/icarus_ws/install/ros2_control_demo_example_3/share/ros2_control_demo_example_3/package.bash'
[8.942s] INFO:colcon.colcon_core.shell:Creating package script '/home/bars/icarus_ws/install/ros2_control_demo_example_3/share/ros2_control_demo_example_3/package.zsh'
[8.942s] Level 1:colcon.colcon_core.environment:create_file_with_runtime_dependencies(/home/bars/icarus_ws/install/ros2_control_demo_example_3/share/colcon-core/packages/ros2_control_demo_example_3)
[9.071s] Level 1:colcon.colcon_core.environment:create_environment_scripts_only(ros2_control_demo_example_9)
[9.071s] Level 1:colcon.colcon_core.environment:checking '/home/bars/icarus_ws/install/ros2_control_demo_example_9' for CMake module files
[9.071s] DEBUG:colcon.colcon_core.event_handler.log_command:Invoked command in '/home/bars/icarus_ws/build/ros2_control_demo_example_9' returned '0': CMAKE_PREFIX_PATH=/home/bars/icarus_ws/install/ros2_control_demo_description:/home/bars/icarus_ws/install/ros2_control_demos:/home/bars/icarus_ws/install/ros2_control_demo_example_9:/home/bars/icarus_ws/install/ros2_control_demo_example_8:/home/bars/icarus_ws/install/ros2_control_demo_example_7:/home/bars/icarus_ws/install/ros2_control_demo_example_6:/home/bars/icarus_ws/install/ros2_control_demo_example_15:/home/bars/icarus_ws/install/ros2_control_demo_example_13:/home/bars/icarus_ws/install/ros2_control_demo_example_5:/home/bars/icarus_ws/install/ros2_control_demo_example_4:/home/bars/icarus_ws/install/ros2_control_demo_example_3:/home/bars/icarus_ws/install/ros2_control_demo_example_2:/home/bars/icarus_ws/install/ros2_control_demo_example_14:/home/bars/icarus_ws/install/ros2_control_demo_example_12:/home/bars/icarus_ws/install/ros2_control_demo_example_11:/home/bars/icarus_ws/install/ros2_control_demo_example_10:/home/bars/icarus_ws/install/ros2_control_demo_example_1:/opt/ros/humble /usr/bin/cmake --install /home/bars/icarus_ws/build/ros2_control_demo_example_9
[9.072s] Level 1:colcon.colcon_core.environment:checking '/home/bars/icarus_ws/install/ros2_control_demo_example_9' for CMake config files
[9.072s] Level 1:colcon.colcon_core.shell:create_environment_hook('ros2_control_demo_example_9', 'cmake_prefix_path')
[9.072s] INFO:colcon.colcon_core.shell:Creating environment hook '/home/bars/icarus_ws/install/ros2_control_demo_example_9/share/ros2_control_demo_example_9/hook/cmake_prefix_path.ps1'
[9.073s] INFO:colcon.colcon_core.shell:Creating environment descriptor '/home/bars/icarus_ws/install/ros2_control_demo_example_9/share/ros2_control_demo_example_9/hook/cmake_prefix_path.dsv'
[9.073s] INFO:colcon.colcon_core.shell:Creating environment hook '/home/bars/icarus_ws/install/ros2_control_demo_example_9/share/ros2_control_demo_example_9/hook/cmake_prefix_path.sh'
[9.073s] Level 1:colcon.colcon_core.environment:checking '/home/bars/icarus_ws/install/ros2_control_demo_example_9/lib'
[9.073s] Level 1:colcon.colcon_core.shell:create_environment_hook('ros2_control_demo_example_9', 'ld_library_path_lib')
[9.073s] INFO:colcon.colcon_core.shell:Creating environment hook '/home/bars/icarus_ws/install/ros2_control_demo_example_9/share/ros2_control_demo_example_9/hook/ld_library_path_lib.ps1'
[9.074s] INFO:colcon.colcon_core.shell:Creating environment descriptor '/home/bars/icarus_ws/install/ros2_control_demo_example_9/share/ros2_control_demo_example_9/hook/ld_library_path_lib.dsv'
[9.074s] INFO:colcon.colcon_core.shell:Creating environment hook '/home/bars/icarus_ws/install/ros2_control_demo_example_9/share/ros2_control_demo_example_9/hook/ld_library_path_lib.sh'
[9.074s] Level 1:colcon.colcon_core.environment:checking '/home/bars/icarus_ws/install/ros2_control_demo_example_9/bin'
[9.074s] Level 1:colcon.colcon_core.environment:checking '/home/bars/icarus_ws/install/ros2_control_demo_example_9/lib/pkgconfig/ros2_control_demo_example_9.pc'
[9.074s] Level 1:colcon.colcon_core.environment:checking '/home/bars/icarus_ws/install/ros2_control_demo_example_9/lib/python3.10/site-packages'
[9.075s] Level 1:colcon.colcon_core.environment:checking '/home/bars/icarus_ws/install/ros2_control_demo_example_9/bin'
[9.075s] INFO:colcon.colcon_core.shell:Creating package script '/home/bars/icarus_ws/install/ros2_control_demo_example_9/share/ros2_control_demo_example_9/package.ps1'
[9.075s] INFO:colcon.colcon_core.shell:Creating package descriptor '/home/bars/icarus_ws/install/ros2_control_demo_example_9/share/ros2_control_demo_example_9/package.dsv'
[9.075s] INFO:colcon.colcon_core.shell:Creating package script '/home/bars/icarus_ws/install/ros2_control_demo_example_9/share/ros2_control_demo_example_9/package.sh'
[9.076s] INFO:colcon.colcon_core.shell:Creating package script '/home/bars/icarus_ws/install/ros2_control_demo_example_9/share/ros2_control_demo_example_9/package.bash'
[9.076s] INFO:colcon.colcon_core.shell:Creating package script '/home/bars/icarus_ws/install/ros2_control_demo_example_9/share/ros2_control_demo_example_9/package.zsh'
[9.076s] Level 1:colcon.colcon_core.environment:create_file_with_runtime_dependencies(/home/bars/icarus_ws/install/ros2_control_demo_example_9/share/colcon-core/packages/ros2_control_demo_example_9)
[9.076s] Level 1:colcon.colcon_core.environment:create_environment_scripts_only(ros2_control_demo_example_9)
[9.077s] Level 1:colcon.colcon_core.environment:checking '/home/bars/icarus_ws/install/ros2_control_demo_example_9' for CMake module files
[9.077s] Level 1:colcon.colcon_core.environment:checking '/home/bars/icarus_ws/install/ros2_control_demo_example_9' for CMake config files
[9.077s] Level 1:colcon.colcon_core.shell:create_environment_hook('ros2_control_demo_example_9', 'cmake_prefix_path')
[9.077s] INFO:colcon.colcon_core.shell:Creating environment hook '/home/bars/icarus_ws/install/ros2_control_demo_example_9/share/ros2_control_demo_example_9/hook/cmake_prefix_path.ps1'
[9.078s] INFO:colcon.colcon_core.shell:Creating environment descriptor '/home/bars/icarus_ws/install/ros2_control_demo_example_9/share/ros2_control_demo_example_9/hook/cmake_prefix_path.dsv'
[9.078s] INFO:colcon.colcon_core.shell:Creating environment hook '/home/bars/icarus_ws/install/ros2_control_demo_example_9/share/ros2_control_demo_example_9/hook/cmake_prefix_path.sh'
[9.078s] Level 1:colcon.colcon_core.environment:checking '/home/bars/icarus_ws/install/ros2_control_demo_example_9/lib'
[9.078s] Level 1:colcon.colcon_core.shell:create_environment_hook('ros2_control_demo_example_9', 'ld_library_path_lib')
[9.078s] INFO:colcon.colcon_core.shell:Creating environment hook '/home/bars/icarus_ws/install/ros2_control_demo_example_9/share/ros2_control_demo_example_9/hook/ld_library_path_lib.ps1'
[9.079s] INFO:colcon.colcon_core.shell:Creating environment descriptor '/home/bars/icarus_ws/install/ros2_control_demo_example_9/share/ros2_control_demo_example_9/hook/ld_library_path_lib.dsv'
[9.079s] INFO:colcon.colcon_core.shell:Creating environment hook '/home/bars/icarus_ws/install/ros2_control_demo_example_9/share/ros2_control_demo_example_9/hook/ld_library_path_lib.sh'
[9.079s] Level 1:colcon.colcon_core.environment:checking '/home/bars/icarus_ws/install/ros2_control_demo_example_9/bin'
[9.079s] Level 1:colcon.colcon_core.environment:checking '/home/bars/icarus_ws/install/ros2_control_demo_example_9/lib/pkgconfig/ros2_control_demo_example_9.pc'
[9.080s] Level 1:colcon.colcon_core.environment:checking '/home/bars/icarus_ws/install/ros2_control_demo_example_9/lib/python3.10/site-packages'
[9.080s] Level 1:colcon.colcon_core.environment:checking '/home/bars/icarus_ws/install/ros2_control_demo_example_9/bin'
[9.080s] INFO:colcon.colcon_core.shell:Creating package script '/home/bars/icarus_ws/install/ros2_control_demo_example_9/share/ros2_control_demo_example_9/package.ps1'
[9.080s] INFO:colcon.colcon_core.shell:Creating package descriptor '/home/bars/icarus_ws/install/ros2_control_demo_example_9/share/ros2_control_demo_example_9/package.dsv'
[9.081s] INFO:colcon.colcon_core.shell:Creating package script '/home/bars/icarus_ws/install/ros2_control_demo_example_9/share/ros2_control_demo_example_9/package.sh'
[9.081s] INFO:colcon.colcon_core.shell:Creating package script '/home/bars/icarus_ws/install/ros2_control_demo_example_9/share/ros2_control_demo_example_9/package.bash'
[9.081s] INFO:colcon.colcon_core.shell:Creating package script '/home/bars/icarus_ws/install/ros2_control_demo_example_9/share/ros2_control_demo_example_9/package.zsh'
[9.081s] Level 1:colcon.colcon_core.environment:create_file_with_runtime_dependencies(/home/bars/icarus_ws/install/ros2_control_demo_example_9/share/colcon-core/packages/ros2_control_demo_example_9)
[9.178s] DEBUG:colcon.colcon_core.event_handler.log_command:Invoked command in '/home/bars/icarus_ws/build/ros2_control_demo_example_15' returned '0': CMAKE_PREFIX_PATH=/home/bars/icarus_ws/install/ros2_control_demo_example_5:/home/bars/icarus_ws/install/ros2_control_demo_example_1:/home/bars/icarus_ws/install/ros2_control_demo_description:/home/bars/icarus_ws/install/ros2_control_demos:/home/bars/icarus_ws/install/ros2_control_demo_example_9:/home/bars/icarus_ws/install/ros2_control_demo_example_8:/home/bars/icarus_ws/install/ros2_control_demo_example_7:/home/bars/icarus_ws/install/ros2_control_demo_example_6:/home/bars/icarus_ws/install/ros2_control_demo_example_15:/home/bars/icarus_ws/install/ros2_control_demo_example_13:/home/bars/icarus_ws/install/ros2_control_demo_example_4:/home/bars/icarus_ws/install/ros2_control_demo_example_3:/home/bars/icarus_ws/install/ros2_control_demo_example_2:/home/bars/icarus_ws/install/ros2_control_demo_example_14:/home/bars/icarus_ws/install/ros2_control_demo_example_12:/home/bars/icarus_ws/install/ros2_control_demo_example_11:/home/bars/icarus_ws/install/ros2_control_demo_example_10:/opt/ros/humble LD_LIBRARY_PATH=/home/bars/icarus_ws/install/ros2_control_demo_example_5/lib:/home/bars/icarus_ws/install/ros2_control_demo_example_1/lib:/home/bars/icarus_ws/install/ros2_control_demo_example_9/lib:/home/bars/icarus_ws/install/ros2_control_demo_example_8/lib:/home/bars/icarus_ws/install/ros2_control_demo_example_7/lib:/home/bars/icarus_ws/install/ros2_control_demo_example_6/lib:/home/bars/icarus_ws/install/ros2_control_demo_example_4/lib:/home/bars/icarus_ws/install/ros2_control_demo_example_3/lib:/home/bars/icarus_ws/install/ros2_control_demo_example_2/lib:/home/bars/icarus_ws/install/ros2_control_demo_example_14/lib:/home/bars/icarus_ws/install/ros2_control_demo_example_12/lib:/home/bars/icarus_ws/install/ros2_control_demo_example_11/lib:/home/bars/icarus_ws/install/ros2_control_demo_example_10/lib:/usr/lib/x86_64-linux-gnu/gazebo-11/plugins:/opt/ros/humble/opt/rviz_ogre_vendor/lib:/opt/ros/humble/lib/x86_64-linux-gnu:/opt/ros/humble/lib /usr/bin/cmake /home/bars/icarus_ws/src/ros2_control_demos/example_15 -DAMENT_CMAKE_SYMLINK_INSTALL=1 -DCMAKE_INSTALL_PREFIX=/home/bars/icarus_ws/install/ros2_control_demo_example_15
[9.180s] DEBUG:colcon.colcon_core.event_handler.log_command:Invoking command in '/home/bars/icarus_ws/build/ros2_control_demo_example_15': CMAKE_PREFIX_PATH=/home/bars/icarus_ws/install/ros2_control_demo_example_5:/home/bars/icarus_ws/install/ros2_control_demo_example_1:/home/bars/icarus_ws/install/ros2_control_demo_description:/home/bars/icarus_ws/install/ros2_control_demos:/home/bars/icarus_ws/install/ros2_control_demo_example_9:/home/bars/icarus_ws/install/ros2_control_demo_example_8:/home/bars/icarus_ws/install/ros2_control_demo_example_7:/home/bars/icarus_ws/install/ros2_control_demo_example_6:/home/bars/icarus_ws/install/ros2_control_demo_example_15:/home/bars/icarus_ws/install/ros2_control_demo_example_13:/home/bars/icarus_ws/install/ros2_control_demo_example_4:/home/bars/icarus_ws/install/ros2_control_demo_example_3:/home/bars/icarus_ws/install/ros2_control_demo_example_2:/home/bars/icarus_ws/install/ros2_control_demo_example_14:/home/bars/icarus_ws/install/ros2_control_demo_example_12:/home/bars/icarus_ws/install/ros2_control_demo_example_11:/home/bars/icarus_ws/install/ros2_control_demo_example_10:/opt/ros/humble LD_LIBRARY_PATH=/home/bars/icarus_ws/install/ros2_control_demo_example_5/lib:/home/bars/icarus_ws/install/ros2_control_demo_example_1/lib:/home/bars/icarus_ws/install/ros2_control_demo_example_9/lib:/home/bars/icarus_ws/install/ros2_control_demo_example_8/lib:/home/bars/icarus_ws/install/ros2_control_demo_example_7/lib:/home/bars/icarus_ws/install/ros2_control_demo_example_6/lib:/home/bars/icarus_ws/install/ros2_control_demo_example_4/lib:/home/bars/icarus_ws/install/ros2_control_demo_example_3/lib:/home/bars/icarus_ws/install/ros2_control_demo_example_2/lib:/home/bars/icarus_ws/install/ros2_control_demo_example_14/lib:/home/bars/icarus_ws/install/ros2_control_demo_example_12/lib:/home/bars/icarus_ws/install/ros2_control_demo_example_11/lib:/home/bars/icarus_ws/install/ros2_control_demo_example_10/lib:/usr/lib/x86_64-linux-gnu/gazebo-11/plugins:/opt/ros/humble/opt/rviz_ogre_vendor/lib:/opt/ros/humble/lib/x86_64-linux-gnu:/opt/ros/humble/lib /usr/bin/cmake --build /home/bars/icarus_ws/build/ros2_control_demo_example_15 -- -j20 -l20
[9.224s] DEBUG:colcon.colcon_core.event_handler.log_command:Invoked command in '/home/bars/icarus_ws/build/ros2_control_demo_example_15' returned '0': CMAKE_PREFIX_PATH=/home/bars/icarus_ws/install/ros2_control_demo_example_5:/home/bars/icarus_ws/install/ros2_control_demo_example_1:/home/bars/icarus_ws/install/ros2_control_demo_description:/home/bars/icarus_ws/install/ros2_control_demos:/home/bars/icarus_ws/install/ros2_control_demo_example_9:/home/bars/icarus_ws/install/ros2_control_demo_example_8:/home/bars/icarus_ws/install/ros2_control_demo_example_7:/home/bars/icarus_ws/install/ros2_control_demo_example_6:/home/bars/icarus_ws/install/ros2_control_demo_example_15:/home/bars/icarus_ws/install/ros2_control_demo_example_13:/home/bars/icarus_ws/install/ros2_control_demo_example_4:/home/bars/icarus_ws/install/ros2_control_demo_example_3:/home/bars/icarus_ws/install/ros2_control_demo_example_2:/home/bars/icarus_ws/install/ros2_control_demo_example_14:/home/bars/icarus_ws/install/ros2_control_demo_example_12:/home/bars/icarus_ws/install/ros2_control_demo_example_11:/home/bars/icarus_ws/install/ros2_control_demo_example_10:/opt/ros/humble LD_LIBRARY_PATH=/home/bars/icarus_ws/install/ros2_control_demo_example_5/lib:/home/bars/icarus_ws/install/ros2_control_demo_example_1/lib:/home/bars/icarus_ws/install/ros2_control_demo_example_9/lib:/home/bars/icarus_ws/install/ros2_control_demo_example_8/lib:/home/bars/icarus_ws/install/ros2_control_demo_example_7/lib:/home/bars/icarus_ws/install/ros2_control_demo_example_6/lib:/home/bars/icarus_ws/install/ros2_control_demo_example_4/lib:/home/bars/icarus_ws/install/ros2_control_demo_example_3/lib:/home/bars/icarus_ws/install/ros2_control_demo_example_2/lib:/home/bars/icarus_ws/install/ros2_control_demo_example_14/lib:/home/bars/icarus_ws/install/ros2_control_demo_example_12/lib:/home/bars/icarus_ws/install/ros2_control_demo_example_11/lib:/home/bars/icarus_ws/install/ros2_control_demo_example_10/lib:/usr/lib/x86_64-linux-gnu/gazebo-11/plugins:/opt/ros/humble/opt/rviz_ogre_vendor/lib:/opt/ros/humble/lib/x86_64-linux-gnu:/opt/ros/humble/lib /usr/bin/cmake --build /home/bars/icarus_ws/build/ros2_control_demo_example_15 -- -j20 -l20
[9.225s] DEBUG:colcon.colcon_core.event_handler.log_command:Invoking command in '/home/bars/icarus_ws/build/ros2_control_demo_example_15': CMAKE_PREFIX_PATH=/home/bars/icarus_ws/install/ros2_control_demo_example_5:/home/bars/icarus_ws/install/ros2_control_demo_example_1:/home/bars/icarus_ws/install/ros2_control_demo_description:/home/bars/icarus_ws/install/ros2_control_demos:/home/bars/icarus_ws/install/ros2_control_demo_example_9:/home/bars/icarus_ws/install/ros2_control_demo_example_8:/home/bars/icarus_ws/install/ros2_control_demo_example_7:/home/bars/icarus_ws/install/ros2_control_demo_example_6:/home/bars/icarus_ws/install/ros2_control_demo_example_15:/home/bars/icarus_ws/install/ros2_control_demo_example_13:/home/bars/icarus_ws/install/ros2_control_demo_example_4:/home/bars/icarus_ws/install/ros2_control_demo_example_3:/home/bars/icarus_ws/install/ros2_control_demo_example_2:/home/bars/icarus_ws/install/ros2_control_demo_example_14:/home/bars/icarus_ws/install/ros2_control_demo_example_12:/home/bars/icarus_ws/install/ros2_control_demo_example_11:/home/bars/icarus_ws/install/ros2_control_demo_example_10:/opt/ros/humble LD_LIBRARY_PATH=/home/bars/icarus_ws/install/ros2_control_demo_example_5/lib:/home/bars/icarus_ws/install/ros2_control_demo_example_1/lib:/home/bars/icarus_ws/install/ros2_control_demo_example_9/lib:/home/bars/icarus_ws/install/ros2_control_demo_example_8/lib:/home/bars/icarus_ws/install/ros2_control_demo_example_7/lib:/home/bars/icarus_ws/install/ros2_control_demo_example_6/lib:/home/bars/icarus_ws/install/ros2_control_demo_example_4/lib:/home/bars/icarus_ws/install/ros2_control_demo_example_3/lib:/home/bars/icarus_ws/install/ros2_control_demo_example_2/lib:/home/bars/icarus_ws/install/ros2_control_demo_example_14/lib:/home/bars/icarus_ws/install/ros2_control_demo_example_12/lib:/home/bars/icarus_ws/install/ros2_control_demo_example_11/lib:/home/bars/icarus_ws/install/ros2_control_demo_example_10/lib:/usr/lib/x86_64-linux-gnu/gazebo-11/plugins:/opt/ros/humble/opt/rviz_ogre_vendor/lib:/opt/ros/humble/lib/x86_64-linux-gnu:/opt/ros/humble/lib /usr/bin/cmake --install /home/bars/icarus_ws/build/ros2_control_demo_example_15
[9.484s] Level 1:colcon.colcon_core.environment:create_environment_scripts_only(ros2_control_demo_example_15)
[9.484s] DEBUG:colcon.colcon_core.event_handler.log_command:Invoked command in '/home/bars/icarus_ws/build/ros2_control_demo_example_15' returned '0': CMAKE_PREFIX_PATH=/home/bars/icarus_ws/install/ros2_control_demo_example_5:/home/bars/icarus_ws/install/ros2_control_demo_example_1:/home/bars/icarus_ws/install/ros2_control_demo_description:/home/bars/icarus_ws/install/ros2_control_demos:/home/bars/icarus_ws/install/ros2_control_demo_example_9:/home/bars/icarus_ws/install/ros2_control_demo_example_8:/home/bars/icarus_ws/install/ros2_control_demo_example_7:/home/bars/icarus_ws/install/ros2_control_demo_example_6:/home/bars/icarus_ws/install/ros2_control_demo_example_15:/home/bars/icarus_ws/install/ros2_control_demo_example_13:/home/bars/icarus_ws/install/ros2_control_demo_example_4:/home/bars/icarus_ws/install/ros2_control_demo_example_3:/home/bars/icarus_ws/install/ros2_control_demo_example_2:/home/bars/icarus_ws/install/ros2_control_demo_example_14:/home/bars/icarus_ws/install/ros2_control_demo_example_12:/home/bars/icarus_ws/install/ros2_control_demo_example_11:/home/bars/icarus_ws/install/ros2_control_demo_example_10:/opt/ros/humble LD_LIBRARY_PATH=/home/bars/icarus_ws/install/ros2_control_demo_example_5/lib:/home/bars/icarus_ws/install/ros2_control_demo_example_1/lib:/home/bars/icarus_ws/install/ros2_control_demo_example_9/lib:/home/bars/icarus_ws/install/ros2_control_demo_example_8/lib:/home/bars/icarus_ws/install/ros2_control_demo_example_7/lib:/home/bars/icarus_ws/install/ros2_control_demo_example_6/lib:/home/bars/icarus_ws/install/ros2_control_demo_example_4/lib:/home/bars/icarus_ws/install/ros2_control_demo_example_3/lib:/home/bars/icarus_ws/install/ros2_control_demo_example_2/lib:/home/bars/icarus_ws/install/ros2_control_demo_example_14/lib:/home/bars/icarus_ws/install/ros2_control_demo_example_12/lib:/home/bars/icarus_ws/install/ros2_control_demo_example_11/lib:/home/bars/icarus_ws/install/ros2_control_demo_example_10/lib:/usr/lib/x86_64-linux-gnu/gazebo-11/plugins:/opt/ros/humble/opt/rviz_ogre_vendor/lib:/opt/ros/humble/lib/x86_64-linux-gnu:/opt/ros/humble/lib /usr/bin/cmake --install /home/bars/icarus_ws/build/ros2_control_demo_example_15
[9.484s] Level 1:colcon.colcon_core.environment:checking '/home/bars/icarus_ws/install/ros2_control_demo_example_15' for CMake module files
[9.485s] Level 1:colcon.colcon_core.environment:checking '/home/bars/icarus_ws/install/ros2_control_demo_example_15' for CMake config files
[9.485s] Level 1:colcon.colcon_core.shell:create_environment_hook('ros2_control_demo_example_15', 'cmake_prefix_path')
[9.485s] INFO:colcon.colcon_core.shell:Creating environment hook '/home/bars/icarus_ws/install/ros2_control_demo_example_15/share/ros2_control_demo_example_15/hook/cmake_prefix_path.ps1'
[9.485s] INFO:colcon.colcon_core.shell:Creating environment descriptor '/home/bars/icarus_ws/install/ros2_control_demo_example_15/share/ros2_control_demo_example_15/hook/cmake_prefix_path.dsv'
[9.486s] INFO:colcon.colcon_core.shell:Creating environment hook '/home/bars/icarus_ws/install/ros2_control_demo_example_15/share/ros2_control_demo_example_15/hook/cmake_prefix_path.sh'
[9.486s] Level 1:colcon.colcon_core.environment:checking '/home/bars/icarus_ws/install/ros2_control_demo_example_15/bin'
[9.486s] Level 1:colcon.colcon_core.environment:checking '/home/bars/icarus_ws/install/ros2_control_demo_example_15/lib/pkgconfig/ros2_control_demo_example_15.pc'
[9.486s] Level 1:colcon.colcon_core.environment:checking '/home/bars/icarus_ws/install/ros2_control_demo_example_15/lib/python3.10/site-packages'
[9.486s] Level 1:colcon.colcon_core.environment:checking '/home/bars/icarus_ws/install/ros2_control_demo_example_15/bin'
[9.486s] INFO:colcon.colcon_core.shell:Creating package script '/home/bars/icarus_ws/install/ros2_control_demo_example_15/share/ros2_control_demo_example_15/package.ps1'
[9.487s] INFO:colcon.colcon_core.shell:Creating package descriptor '/home/bars/icarus_ws/install/ros2_control_demo_example_15/share/ros2_control_demo_example_15/package.dsv'
[9.487s] INFO:colcon.colcon_core.shell:Creating package script '/home/bars/icarus_ws/install/ros2_control_demo_example_15/share/ros2_control_demo_example_15/package.sh'
[9.487s] INFO:colcon.colcon_core.shell:Creating package script '/home/bars/icarus_ws/install/ros2_control_demo_example_15/share/ros2_control_demo_example_15/package.bash'
[9.487s] INFO:colcon.colcon_core.shell:Creating package script '/home/bars/icarus_ws/install/ros2_control_demo_example_15/share/ros2_control_demo_example_15/package.zsh'
[9.488s] Level 1:colcon.colcon_core.environment:create_file_with_runtime_dependencies(/home/bars/icarus_ws/install/ros2_control_demo_example_15/share/colcon-core/packages/ros2_control_demo_example_15)
[9.488s] Level 1:colcon.colcon_core.environment:create_environment_scripts_only(ros2_control_demo_example_15)
[9.488s] Level 1:colcon.colcon_core.environment:checking '/home/bars/icarus_ws/install/ros2_control_demo_example_15' for CMake module files
[9.488s] Level 1:colcon.colcon_core.environment:checking '/home/bars/icarus_ws/install/ros2_control_demo_example_15' for CMake config files
[9.488s] Level 1:colcon.colcon_core.shell:create_environment_hook('ros2_control_demo_example_15', 'cmake_prefix_path')
[9.488s] INFO:colcon.colcon_core.shell:Creating environment hook '/home/bars/icarus_ws/install/ros2_control_demo_example_15/share/ros2_control_demo_example_15/hook/cmake_prefix_path.ps1'
[9.489s] INFO:colcon.colcon_core.shell:Creating environment descriptor '/home/bars/icarus_ws/install/ros2_control_demo_example_15/share/ros2_control_demo_example_15/hook/cmake_prefix_path.dsv'
[9.489s] INFO:colcon.colcon_core.shell:Creating environment hook '/home/bars/icarus_ws/install/ros2_control_demo_example_15/share/ros2_control_demo_example_15/hook/cmake_prefix_path.sh'
[9.489s] Level 1:colcon.colcon_core.environment:checking '/home/bars/icarus_ws/install/ros2_control_demo_example_15/bin'
[9.489s] Level 1:colcon.colcon_core.environment:checking '/home/bars/icarus_ws/install/ros2_control_demo_example_15/lib/pkgconfig/ros2_control_demo_example_15.pc'
[9.489s] Level 1:colcon.colcon_core.environment:checking '/home/bars/icarus_ws/install/ros2_control_demo_example_15/lib/python3.10/site-packages'
[9.490s] Level 1:colcon.colcon_core.environment:checking '/home/bars/icarus_ws/install/ros2_control_demo_example_15/bin'
[9.490s] INFO:colcon.colcon_core.shell:Creating package script '/home/bars/icarus_ws/install/ros2_control_demo_example_15/share/ros2_control_demo_example_15/package.ps1'
[9.490s] INFO:colcon.colcon_core.shell:Creating package descriptor '/home/bars/icarus_ws/install/ros2_control_demo_example_15/share/ros2_control_demo_example_15/package.dsv'
[9.490s] INFO:colcon.colcon_core.shell:Creating package script '/home/bars/icarus_ws/install/ros2_control_demo_example_15/share/ros2_control_demo_example_15/package.sh'
[9.491s] INFO:colcon.colcon_core.shell:Creating package script '/home/bars/icarus_ws/install/ros2_control_demo_example_15/share/ros2_control_demo_example_15/package.bash'
[9.491s] INFO:colcon.colcon_core.shell:Creating package script '/home/bars/icarus_ws/install/ros2_control_demo_example_15/share/ros2_control_demo_example_15/package.zsh'
[9.491s] Level 1:colcon.colcon_core.environment:create_file_with_runtime_dependencies(/home/bars/icarus_ws/install/ros2_control_demo_example_15/share/colcon-core/packages/ros2_control_demo_example_15)
[9.500s] DEBUG:colcon.colcon_core.event_handler.log_command:Invoked command in '/home/bars/icarus_ws/build/ros2_control_demo_example_13' returned '0': CMAKE_PREFIX_PATH=/home/bars/icarus_ws/install/ros2_control_demo_example_5:/home/bars/icarus_ws/install/ros2_control_demo_example_4:/home/bars/icarus_ws/install/ros2_control_demo_description:/home/bars/icarus_ws/install/ros2_control_demos:/home/bars/icarus_ws/install/ros2_control_demo_example_9:/home/bars/icarus_ws/install/ros2_control_demo_example_8:/home/bars/icarus_ws/install/ros2_control_demo_example_7:/home/bars/icarus_ws/install/ros2_control_demo_example_6:/home/bars/icarus_ws/install/ros2_control_demo_example_15:/home/bars/icarus_ws/install/ros2_control_demo_example_13:/home/bars/icarus_ws/install/ros2_control_demo_example_3:/home/bars/icarus_ws/install/ros2_control_demo_example_2:/home/bars/icarus_ws/install/ros2_control_demo_example_14:/home/bars/icarus_ws/install/ros2_control_demo_example_12:/home/bars/icarus_ws/install/ros2_control_demo_example_11:/home/bars/icarus_ws/install/ros2_control_demo_example_10:/home/bars/icarus_ws/install/ros2_control_demo_example_1:/opt/ros/humble LD_LIBRARY_PATH=/home/bars/icarus_ws/install/ros2_control_demo_example_5/lib:/home/bars/icarus_ws/install/ros2_control_demo_example_4/lib:/home/bars/icarus_ws/install/ros2_control_demo_example_9/lib:/home/bars/icarus_ws/install/ros2_control_demo_example_8/lib:/home/bars/icarus_ws/install/ros2_control_demo_example_7/lib:/home/bars/icarus_ws/install/ros2_control_demo_example_6/lib:/home/bars/icarus_ws/install/ros2_control_demo_example_3/lib:/home/bars/icarus_ws/install/ros2_control_demo_example_2/lib:/home/bars/icarus_ws/install/ros2_control_demo_example_14/lib:/home/bars/icarus_ws/install/ros2_control_demo_example_12/lib:/home/bars/icarus_ws/install/ros2_control_demo_example_11/lib:/home/bars/icarus_ws/install/ros2_control_demo_example_10/lib:/home/bars/icarus_ws/install/ros2_control_demo_example_1/lib:/usr/lib/x86_64-linux-gnu/gazebo-11/plugins:/opt/ros/humble/opt/rviz_ogre_vendor/lib:/opt/ros/humble/lib/x86_64-linux-gnu:/opt/ros/humble/lib /usr/bin/cmake /home/bars/icarus_ws/src/ros2_control_demos/example_13 -DAMENT_CMAKE_SYMLINK_INSTALL=1 -DCMAKE_INSTALL_PREFIX=/home/bars/icarus_ws/install/ros2_control_demo_example_13
[9.502s] DEBUG:colcon.colcon_core.event_handler.log_command:Invoking command in '/home/bars/icarus_ws/build/ros2_control_demo_example_13': CMAKE_PREFIX_PATH=/home/bars/icarus_ws/install/ros2_control_demo_example_5:/home/bars/icarus_ws/install/ros2_control_demo_example_4:/home/bars/icarus_ws/install/ros2_control_demo_description:/home/bars/icarus_ws/install/ros2_control_demos:/home/bars/icarus_ws/install/ros2_control_demo_example_9:/home/bars/icarus_ws/install/ros2_control_demo_example_8:/home/bars/icarus_ws/install/ros2_control_demo_example_7:/home/bars/icarus_ws/install/ros2_control_demo_example_6:/home/bars/icarus_ws/install/ros2_control_demo_example_15:/home/bars/icarus_ws/install/ros2_control_demo_example_13:/home/bars/icarus_ws/install/ros2_control_demo_example_3:/home/bars/icarus_ws/install/ros2_control_demo_example_2:/home/bars/icarus_ws/install/ros2_control_demo_example_14:/home/bars/icarus_ws/install/ros2_control_demo_example_12:/home/bars/icarus_ws/install/ros2_control_demo_example_11:/home/bars/icarus_ws/install/ros2_control_demo_example_10:/home/bars/icarus_ws/install/ros2_control_demo_example_1:/opt/ros/humble LD_LIBRARY_PATH=/home/bars/icarus_ws/install/ros2_control_demo_example_5/lib:/home/bars/icarus_ws/install/ros2_control_demo_example_4/lib:/home/bars/icarus_ws/install/ros2_control_demo_example_9/lib:/home/bars/icarus_ws/install/ros2_control_demo_example_8/lib:/home/bars/icarus_ws/install/ros2_control_demo_example_7/lib:/home/bars/icarus_ws/install/ros2_control_demo_example_6/lib:/home/bars/icarus_ws/install/ros2_control_demo_example_3/lib:/home/bars/icarus_ws/install/ros2_control_demo_example_2/lib:/home/bars/icarus_ws/install/ros2_control_demo_example_14/lib:/home/bars/icarus_ws/install/ros2_control_demo_example_12/lib:/home/bars/icarus_ws/install/ros2_control_demo_example_11/lib:/home/bars/icarus_ws/install/ros2_control_demo_example_10/lib:/home/bars/icarus_ws/install/ros2_control_demo_example_1/lib:/usr/lib/x86_64-linux-gnu/gazebo-11/plugins:/opt/ros/humble/opt/rviz_ogre_vendor/lib:/opt/ros/humble/lib/x86_64-linux-gnu:/opt/ros/humble/lib /usr/bin/cmake --build /home/bars/icarus_ws/build/ros2_control_demo_example_13 -- -j20 -l20
[9.541s] DEBUG:colcon.colcon_core.event_handler.log_command:Invoked command in '/home/bars/icarus_ws/build/ros2_control_demo_example_13' returned '0': CMAKE_PREFIX_PATH=/home/bars/icarus_ws/install/ros2_control_demo_example_5:/home/bars/icarus_ws/install/ros2_control_demo_example_4:/home/bars/icarus_ws/install/ros2_control_demo_description:/home/bars/icarus_ws/install/ros2_control_demos:/home/bars/icarus_ws/install/ros2_control_demo_example_9:/home/bars/icarus_ws/install/ros2_control_demo_example_8:/home/bars/icarus_ws/install/ros2_control_demo_example_7:/home/bars/icarus_ws/install/ros2_control_demo_example_6:/home/bars/icarus_ws/install/ros2_control_demo_example_15:/home/bars/icarus_ws/install/ros2_control_demo_example_13:/home/bars/icarus_ws/install/ros2_control_demo_example_3:/home/bars/icarus_ws/install/ros2_control_demo_example_2:/home/bars/icarus_ws/install/ros2_control_demo_example_14:/home/bars/icarus_ws/install/ros2_control_demo_example_12:/home/bars/icarus_ws/install/ros2_control_demo_example_11:/home/bars/icarus_ws/install/ros2_control_demo_example_10:/home/bars/icarus_ws/install/ros2_control_demo_example_1:/opt/ros/humble LD_LIBRARY_PATH=/home/bars/icarus_ws/install/ros2_control_demo_example_5/lib:/home/bars/icarus_ws/install/ros2_control_demo_example_4/lib:/home/bars/icarus_ws/install/ros2_control_demo_example_9/lib:/home/bars/icarus_ws/install/ros2_control_demo_example_8/lib:/home/bars/icarus_ws/install/ros2_control_demo_example_7/lib:/home/bars/icarus_ws/install/ros2_control_demo_example_6/lib:/home/bars/icarus_ws/install/ros2_control_demo_example_3/lib:/home/bars/icarus_ws/install/ros2_control_demo_example_2/lib:/home/bars/icarus_ws/install/ros2_control_demo_example_14/lib:/home/bars/icarus_ws/install/ros2_control_demo_example_12/lib:/home/bars/icarus_ws/install/ros2_control_demo_example_11/lib:/home/bars/icarus_ws/install/ros2_control_demo_example_10/lib:/home/bars/icarus_ws/install/ros2_control_demo_example_1/lib:/usr/lib/x86_64-linux-gnu/gazebo-11/plugins:/opt/ros/humble/opt/rviz_ogre_vendor/lib:/opt/ros/humble/lib/x86_64-linux-gnu:/opt/ros/humble/lib /usr/bin/cmake --build /home/bars/icarus_ws/build/ros2_control_demo_example_13 -- -j20 -l20
[9.542s] DEBUG:colcon.colcon_core.event_handler.log_command:Invoking command in '/home/bars/icarus_ws/build/ros2_control_demo_example_13': CMAKE_PREFIX_PATH=/home/bars/icarus_ws/install/ros2_control_demo_example_5:/home/bars/icarus_ws/install/ros2_control_demo_example_4:/home/bars/icarus_ws/install/ros2_control_demo_description:/home/bars/icarus_ws/install/ros2_control_demos:/home/bars/icarus_ws/install/ros2_control_demo_example_9:/home/bars/icarus_ws/install/ros2_control_demo_example_8:/home/bars/icarus_ws/install/ros2_control_demo_example_7:/home/bars/icarus_ws/install/ros2_control_demo_example_6:/home/bars/icarus_ws/install/ros2_control_demo_example_15:/home/bars/icarus_ws/install/ros2_control_demo_example_13:/home/bars/icarus_ws/install/ros2_control_demo_example_3:/home/bars/icarus_ws/install/ros2_control_demo_example_2:/home/bars/icarus_ws/install/ros2_control_demo_example_14:/home/bars/icarus_ws/install/ros2_control_demo_example_12:/home/bars/icarus_ws/install/ros2_control_demo_example_11:/home/bars/icarus_ws/install/ros2_control_demo_example_10:/home/bars/icarus_ws/install/ros2_control_demo_example_1:/opt/ros/humble LD_LIBRARY_PATH=/home/bars/icarus_ws/install/ros2_control_demo_example_5/lib:/home/bars/icarus_ws/install/ros2_control_demo_example_4/lib:/home/bars/icarus_ws/install/ros2_control_demo_example_9/lib:/home/bars/icarus_ws/install/ros2_control_demo_example_8/lib:/home/bars/icarus_ws/install/ros2_control_demo_example_7/lib:/home/bars/icarus_ws/install/ros2_control_demo_example_6/lib:/home/bars/icarus_ws/install/ros2_control_demo_example_3/lib:/home/bars/icarus_ws/install/ros2_control_demo_example_2/lib:/home/bars/icarus_ws/install/ros2_control_demo_example_14/lib:/home/bars/icarus_ws/install/ros2_control_demo_example_12/lib:/home/bars/icarus_ws/install/ros2_control_demo_example_11/lib:/home/bars/icarus_ws/install/ros2_control_demo_example_10/lib:/home/bars/icarus_ws/install/ros2_control_demo_example_1/lib:/usr/lib/x86_64-linux-gnu/gazebo-11/plugins:/opt/ros/humble/opt/rviz_ogre_vendor/lib:/opt/ros/humble/lib/x86_64-linux-gnu:/opt/ros/humble/lib /usr/bin/cmake --install /home/bars/icarus_ws/build/ros2_control_demo_example_13
[9.701s] Level 1:colcon.colcon_core.environment:create_environment_scripts_only(ros2_control_demo_example_13)
[9.701s] Level 1:colcon.colcon_core.environment:checking '/home/bars/icarus_ws/install/ros2_control_demo_example_13' for CMake module files
[9.701s] DEBUG:colcon.colcon_core.event_handler.log_command:Invoked command in '/home/bars/icarus_ws/build/ros2_control_demo_example_13' returned '0': CMAKE_PREFIX_PATH=/home/bars/icarus_ws/install/ros2_control_demo_example_5:/home/bars/icarus_ws/install/ros2_control_demo_example_4:/home/bars/icarus_ws/install/ros2_control_demo_description:/home/bars/icarus_ws/install/ros2_control_demos:/home/bars/icarus_ws/install/ros2_control_demo_example_9:/home/bars/icarus_ws/install/ros2_control_demo_example_8:/home/bars/icarus_ws/install/ros2_control_demo_example_7:/home/bars/icarus_ws/install/ros2_control_demo_example_6:/home/bars/icarus_ws/install/ros2_control_demo_example_15:/home/bars/icarus_ws/install/ros2_control_demo_example_13:/home/bars/icarus_ws/install/ros2_control_demo_example_3:/home/bars/icarus_ws/install/ros2_control_demo_example_2:/home/bars/icarus_ws/install/ros2_control_demo_example_14:/home/bars/icarus_ws/install/ros2_control_demo_example_12:/home/bars/icarus_ws/install/ros2_control_demo_example_11:/home/bars/icarus_ws/install/ros2_control_demo_example_10:/home/bars/icarus_ws/install/ros2_control_demo_example_1:/opt/ros/humble LD_LIBRARY_PATH=/home/bars/icarus_ws/install/ros2_control_demo_example_5/lib:/home/bars/icarus_ws/install/ros2_control_demo_example_4/lib:/home/bars/icarus_ws/install/ros2_control_demo_example_9/lib:/home/bars/icarus_ws/install/ros2_control_demo_example_8/lib:/home/bars/icarus_ws/install/ros2_control_demo_example_7/lib:/home/bars/icarus_ws/install/ros2_control_demo_example_6/lib:/home/bars/icarus_ws/install/ros2_control_demo_example_3/lib:/home/bars/icarus_ws/install/ros2_control_demo_example_2/lib:/home/bars/icarus_ws/install/ros2_control_demo_example_14/lib:/home/bars/icarus_ws/install/ros2_control_demo_example_12/lib:/home/bars/icarus_ws/install/ros2_control_demo_example_11/lib:/home/bars/icarus_ws/install/ros2_control_demo_example_10/lib:/home/bars/icarus_ws/install/ros2_control_demo_example_1/lib:/usr/lib/x86_64-linux-gnu/gazebo-11/plugins:/opt/ros/humble/opt/rviz_ogre_vendor/lib:/opt/ros/humble/lib/x86_64-linux-gnu:/opt/ros/humble/lib /usr/bin/cmake --install /home/bars/icarus_ws/build/ros2_control_demo_example_13
[9.702s] Level 1:colcon.colcon_core.environment:checking '/home/bars/icarus_ws/install/ros2_control_demo_example_13' for CMake config files
[9.702s] Level 1:colcon.colcon_core.shell:create_environment_hook('ros2_control_demo_example_13', 'cmake_prefix_path')
[9.702s] INFO:colcon.colcon_core.shell:Creating environment hook '/home/bars/icarus_ws/install/ros2_control_demo_example_13/share/ros2_control_demo_example_13/hook/cmake_prefix_path.ps1'
[9.703s] INFO:colcon.colcon_core.shell:Creating environment descriptor '/home/bars/icarus_ws/install/ros2_control_demo_example_13/share/ros2_control_demo_example_13/hook/cmake_prefix_path.dsv'
[9.703s] INFO:colcon.colcon_core.shell:Creating environment hook '/home/bars/icarus_ws/install/ros2_control_demo_example_13/share/ros2_control_demo_example_13/hook/cmake_prefix_path.sh'
[9.704s] Level 1:colcon.colcon_core.environment:checking '/home/bars/icarus_ws/install/ros2_control_demo_example_13/bin'
[9.704s] Level 1:colcon.colcon_core.environment:checking '/home/bars/icarus_ws/install/ros2_control_demo_example_13/lib/pkgconfig/ros2_control_demo_example_13.pc'
[9.704s] Level 1:colcon.colcon_core.environment:checking '/home/bars/icarus_ws/install/ros2_control_demo_example_13/lib/python3.10/site-packages'
[9.704s] Level 1:colcon.colcon_core.environment:checking '/home/bars/icarus_ws/install/ros2_control_demo_example_13/bin'
[9.704s] INFO:colcon.colcon_core.shell:Creating package script '/home/bars/icarus_ws/install/ros2_control_demo_example_13/share/ros2_control_demo_example_13/package.ps1'
[9.705s] INFO:colcon.colcon_core.shell:Creating package descriptor '/home/bars/icarus_ws/install/ros2_control_demo_example_13/share/ros2_control_demo_example_13/package.dsv'
[9.705s] INFO:colcon.colcon_core.shell:Creating package script '/home/bars/icarus_ws/install/ros2_control_demo_example_13/share/ros2_control_demo_example_13/package.sh'
[9.705s] INFO:colcon.colcon_core.shell:Creating package script '/home/bars/icarus_ws/install/ros2_control_demo_example_13/share/ros2_control_demo_example_13/package.bash'
[9.705s] INFO:colcon.colcon_core.shell:Creating package script '/home/bars/icarus_ws/install/ros2_control_demo_example_13/share/ros2_control_demo_example_13/package.zsh'
[9.705s] Level 1:colcon.colcon_core.environment:create_file_with_runtime_dependencies(/home/bars/icarus_ws/install/ros2_control_demo_example_13/share/colcon-core/packages/ros2_control_demo_example_13)
[9.706s] Level 1:colcon.colcon_core.environment:create_environment_scripts_only(ros2_control_demo_example_13)
[9.706s] Level 1:colcon.colcon_core.environment:checking '/home/bars/icarus_ws/install/ros2_control_demo_example_13' for CMake module files
[9.707s] Level 1:colcon.colcon_core.environment:checking '/home/bars/icarus_ws/install/ros2_control_demo_example_13' for CMake config files
[9.707s] Level 1:colcon.colcon_core.shell:create_environment_hook('ros2_control_demo_example_13', 'cmake_prefix_path')
[9.707s] INFO:colcon.colcon_core.shell:Creating environment hook '/home/bars/icarus_ws/install/ros2_control_demo_example_13/share/ros2_control_demo_example_13/hook/cmake_prefix_path.ps1'
[9.707s] INFO:colcon.colcon_core.shell:Creating environment descriptor '/home/bars/icarus_ws/install/ros2_control_demo_example_13/share/ros2_control_demo_example_13/hook/cmake_prefix_path.dsv'
[9.708s] INFO:colcon.colcon_core.shell:Creating environment hook '/home/bars/icarus_ws/install/ros2_control_demo_example_13/share/ros2_control_demo_example_13/hook/cmake_prefix_path.sh'
[9.708s] Level 1:colcon.colcon_core.environment:checking '/home/bars/icarus_ws/install/ros2_control_demo_example_13/bin'
[9.708s] Level 1:colcon.colcon_core.environment:checking '/home/bars/icarus_ws/install/ros2_control_demo_example_13/lib/pkgconfig/ros2_control_demo_example_13.pc'
[9.709s] Level 1:colcon.colcon_core.environment:checking '/home/bars/icarus_ws/install/ros2_control_demo_example_13/lib/python3.10/site-packages'
[9.709s] Level 1:colcon.colcon_core.environment:checking '/home/bars/icarus_ws/install/ros2_control_demo_example_13/bin'
[9.709s] INFO:colcon.colcon_core.shell:Creating package script '/home/bars/icarus_ws/install/ros2_control_demo_example_13/share/ros2_control_demo_example_13/package.ps1'
[9.709s] INFO:colcon.colcon_core.shell:Creating package descriptor '/home/bars/icarus_ws/install/ros2_control_demo_example_13/share/ros2_control_demo_example_13/package.dsv'
[9.709s] INFO:colcon.colcon_core.shell:Creating package script '/home/bars/icarus_ws/install/ros2_control_demo_example_13/share/ros2_control_demo_example_13/package.sh'
[9.710s] INFO:colcon.colcon_core.shell:Creating package script '/home/bars/icarus_ws/install/ros2_control_demo_example_13/share/ros2_control_demo_example_13/package.bash'
[9.710s] INFO:colcon.colcon_core.shell:Creating package script '/home/bars/icarus_ws/install/ros2_control_demo_example_13/share/ros2_control_demo_example_13/package.zsh'
[9.710s] Level 1:colcon.colcon_core.environment:create_file_with_runtime_dependencies(/home/bars/icarus_ws/install/ros2_control_demo_example_13/share/colcon-core/packages/ros2_control_demo_example_13)
[12.003s] DEBUG:colcon.colcon_core.event_handler.log_command:Invoked command in '/home/bars/icarus_ws/build/ros2_control_demo_example_12' returned '0': CMAKE_PREFIX_PATH=/home/bars/icarus_ws/install/ros2_control_demo_description:/home/bars/icarus_ws/install/ros2_control_demos:/home/bars/icarus_ws/install/ros2_control_demo_example_9:/home/bars/icarus_ws/install/ros2_control_demo_example_8:/home/bars/icarus_ws/install/ros2_control_demo_example_7:/home/bars/icarus_ws/install/ros2_control_demo_example_6:/home/bars/icarus_ws/install/ros2_control_demo_example_15:/home/bars/icarus_ws/install/ros2_control_demo_example_13:/home/bars/icarus_ws/install/ros2_control_demo_example_5:/home/bars/icarus_ws/install/ros2_control_demo_example_4:/home/bars/icarus_ws/install/ros2_control_demo_example_3:/home/bars/icarus_ws/install/ros2_control_demo_example_2:/home/bars/icarus_ws/install/ros2_control_demo_example_14:/home/bars/icarus_ws/install/ros2_control_demo_example_12:/home/bars/icarus_ws/install/ros2_control_demo_example_11:/home/bars/icarus_ws/install/ros2_control_demo_example_10:/home/bars/icarus_ws/install/ros2_control_demo_example_1:/opt/ros/humble /usr/bin/cmake --build /home/bars/icarus_ws/build/ros2_control_demo_example_12 -- -j20 -l20
[12.004s] DEBUG:colcon.colcon_core.event_handler.log_command:Invoking command in '/home/bars/icarus_ws/build/ros2_control_demo_example_12': CMAKE_PREFIX_PATH=/home/bars/icarus_ws/install/ros2_control_demo_description:/home/bars/icarus_ws/install/ros2_control_demos:/home/bars/icarus_ws/install/ros2_control_demo_example_9:/home/bars/icarus_ws/install/ros2_control_demo_example_8:/home/bars/icarus_ws/install/ros2_control_demo_example_7:/home/bars/icarus_ws/install/ros2_control_demo_example_6:/home/bars/icarus_ws/install/ros2_control_demo_example_15:/home/bars/icarus_ws/install/ros2_control_demo_example_13:/home/bars/icarus_ws/install/ros2_control_demo_example_5:/home/bars/icarus_ws/install/ros2_control_demo_example_4:/home/bars/icarus_ws/install/ros2_control_demo_example_3:/home/bars/icarus_ws/install/ros2_control_demo_example_2:/home/bars/icarus_ws/install/ros2_control_demo_example_14:/home/bars/icarus_ws/install/ros2_control_demo_example_12:/home/bars/icarus_ws/install/ros2_control_demo_example_11:/home/bars/icarus_ws/install/ros2_control_demo_example_10:/home/bars/icarus_ws/install/ros2_control_demo_example_1:/opt/ros/humble /usr/bin/cmake --install /home/bars/icarus_ws/build/ros2_control_demo_example_12
[12.220s] DEBUG:colcon.colcon_core.event_handler.log_command:Invoked command in '/home/bars/icarus_ws/build/ros2_control_demo_example_7' returned '0': CMAKE_PREFIX_PATH=/home/bars/icarus_ws/install/ros2_control_demo_description:/home/bars/icarus_ws/install/ros2_control_demos:/home/bars/icarus_ws/install/ros2_control_demo_example_9:/home/bars/icarus_ws/install/ros2_control_demo_example_8:/home/bars/icarus_ws/install/ros2_control_demo_example_7:/home/bars/icarus_ws/install/ros2_control_demo_example_6:/home/bars/icarus_ws/install/ros2_control_demo_example_15:/home/bars/icarus_ws/install/ros2_control_demo_example_13:/home/bars/icarus_ws/install/ros2_control_demo_example_5:/home/bars/icarus_ws/install/ros2_control_demo_example_4:/home/bars/icarus_ws/install/ros2_control_demo_example_3:/home/bars/icarus_ws/install/ros2_control_demo_example_2:/home/bars/icarus_ws/install/ros2_control_demo_example_14:/home/bars/icarus_ws/install/ros2_control_demo_example_12:/home/bars/icarus_ws/install/ros2_control_demo_example_11:/home/bars/icarus_ws/install/ros2_control_demo_example_10:/home/bars/icarus_ws/install/ros2_control_demo_example_1:/opt/ros/humble /usr/bin/cmake --build /home/bars/icarus_ws/build/ros2_control_demo_example_7 -- -j20 -l20
[12.221s] DEBUG:colcon.colcon_core.event_handler.log_command:Invoking command in '/home/bars/icarus_ws/build/ros2_control_demo_example_7': CMAKE_PREFIX_PATH=/home/bars/icarus_ws/install/ros2_control_demo_description:/home/bars/icarus_ws/install/ros2_control_demos:/home/bars/icarus_ws/install/ros2_control_demo_example_9:/home/bars/icarus_ws/install/ros2_control_demo_example_8:/home/bars/icarus_ws/install/ros2_control_demo_example_7:/home/bars/icarus_ws/install/ros2_control_demo_example_6:/home/bars/icarus_ws/install/ros2_control_demo_example_15:/home/bars/icarus_ws/install/ros2_control_demo_example_13:/home/bars/icarus_ws/install/ros2_control_demo_example_5:/home/bars/icarus_ws/install/ros2_control_demo_example_4:/home/bars/icarus_ws/install/ros2_control_demo_example_3:/home/bars/icarus_ws/install/ros2_control_demo_example_2:/home/bars/icarus_ws/install/ros2_control_demo_example_14:/home/bars/icarus_ws/install/ros2_control_demo_example_12:/home/bars/icarus_ws/install/ros2_control_demo_example_11:/home/bars/icarus_ws/install/ros2_control_demo_example_10:/home/bars/icarus_ws/install/ros2_control_demo_example_1:/opt/ros/humble /usr/bin/cmake --install /home/bars/icarus_ws/build/ros2_control_demo_example_7
[12.233s] Level 1:colcon.colcon_core.environment:create_environment_scripts_only(ros2_control_demo_example_12)
[12.233s] Level 1:colcon.colcon_core.environment:checking '/home/bars/icarus_ws/install/ros2_control_demo_example_12' for CMake module files
[12.234s] DEBUG:colcon.colcon_core.event_handler.log_command:Invoked command in '/home/bars/icarus_ws/build/ros2_control_demo_example_12' returned '0': CMAKE_PREFIX_PATH=/home/bars/icarus_ws/install/ros2_control_demo_description:/home/bars/icarus_ws/install/ros2_control_demos:/home/bars/icarus_ws/install/ros2_control_demo_example_9:/home/bars/icarus_ws/install/ros2_control_demo_example_8:/home/bars/icarus_ws/install/ros2_control_demo_example_7:/home/bars/icarus_ws/install/ros2_control_demo_example_6:/home/bars/icarus_ws/install/ros2_control_demo_example_15:/home/bars/icarus_ws/install/ros2_control_demo_example_13:/home/bars/icarus_ws/install/ros2_control_demo_example_5:/home/bars/icarus_ws/install/ros2_control_demo_example_4:/home/bars/icarus_ws/install/ros2_control_demo_example_3:/home/bars/icarus_ws/install/ros2_control_demo_example_2:/home/bars/icarus_ws/install/ros2_control_demo_example_14:/home/bars/icarus_ws/install/ros2_control_demo_example_12:/home/bars/icarus_ws/install/ros2_control_demo_example_11:/home/bars/icarus_ws/install/ros2_control_demo_example_10:/home/bars/icarus_ws/install/ros2_control_demo_example_1:/opt/ros/humble /usr/bin/cmake --install /home/bars/icarus_ws/build/ros2_control_demo_example_12
[12.234s] Level 1:colcon.colcon_core.environment:checking '/home/bars/icarus_ws/install/ros2_control_demo_example_12' for CMake config files
[12.235s] Level 1:colcon.colcon_core.shell:create_environment_hook('ros2_control_demo_example_12', 'cmake_prefix_path')
[12.235s] INFO:colcon.colcon_core.shell:Creating environment hook '/home/bars/icarus_ws/install/ros2_control_demo_example_12/share/ros2_control_demo_example_12/hook/cmake_prefix_path.ps1'
[12.235s] INFO:colcon.colcon_core.shell:Creating environment descriptor '/home/bars/icarus_ws/install/ros2_control_demo_example_12/share/ros2_control_demo_example_12/hook/cmake_prefix_path.dsv'
[12.235s] INFO:colcon.colcon_core.shell:Creating environment hook '/home/bars/icarus_ws/install/ros2_control_demo_example_12/share/ros2_control_demo_example_12/hook/cmake_prefix_path.sh'
[12.236s] Level 1:colcon.colcon_core.environment:checking '/home/bars/icarus_ws/install/ros2_control_demo_example_12/lib'
[12.236s] Level 1:colcon.colcon_core.shell:create_environment_hook('ros2_control_demo_example_12', 'ld_library_path_lib')
[12.236s] INFO:colcon.colcon_core.shell:Creating environment hook '/home/bars/icarus_ws/install/ros2_control_demo_example_12/share/ros2_control_demo_example_12/hook/ld_library_path_lib.ps1'
[12.236s] INFO:colcon.colcon_core.shell:Creating environment descriptor '/home/bars/icarus_ws/install/ros2_control_demo_example_12/share/ros2_control_demo_example_12/hook/ld_library_path_lib.dsv'
[12.236s] INFO:colcon.colcon_core.shell:Creating environment hook '/home/bars/icarus_ws/install/ros2_control_demo_example_12/share/ros2_control_demo_example_12/hook/ld_library_path_lib.sh'
[12.237s] Level 1:colcon.colcon_core.environment:checking '/home/bars/icarus_ws/install/ros2_control_demo_example_12/bin'
[12.237s] Level 1:colcon.colcon_core.environment:checking '/home/bars/icarus_ws/install/ros2_control_demo_example_12/lib/pkgconfig/ros2_control_demo_example_12.pc'
[12.237s] Level 1:colcon.colcon_core.environment:checking '/home/bars/icarus_ws/install/ros2_control_demo_example_12/lib/python3.10/site-packages'
[12.237s] Level 1:colcon.colcon_core.environment:checking '/home/bars/icarus_ws/install/ros2_control_demo_example_12/bin'
[12.237s] INFO:colcon.colcon_core.shell:Creating package script '/home/bars/icarus_ws/install/ros2_control_demo_example_12/share/ros2_control_demo_example_12/package.ps1'
[12.237s] INFO:colcon.colcon_core.shell:Creating package descriptor '/home/bars/icarus_ws/install/ros2_control_demo_example_12/share/ros2_control_demo_example_12/package.dsv'
[12.238s] INFO:colcon.colcon_core.shell:Creating package script '/home/bars/icarus_ws/install/ros2_control_demo_example_12/share/ros2_control_demo_example_12/package.sh'
[12.238s] INFO:colcon.colcon_core.shell:Creating package script '/home/bars/icarus_ws/install/ros2_control_demo_example_12/share/ros2_control_demo_example_12/package.bash'
[12.238s] INFO:colcon.colcon_core.shell:Creating package script '/home/bars/icarus_ws/install/ros2_control_demo_example_12/share/ros2_control_demo_example_12/package.zsh'
[12.239s] Level 1:colcon.colcon_core.environment:create_file_with_runtime_dependencies(/home/bars/icarus_ws/install/ros2_control_demo_example_12/share/colcon-core/packages/ros2_control_demo_example_12)
[12.239s] Level 1:colcon.colcon_core.environment:create_environment_scripts_only(ros2_control_demo_example_12)
[12.239s] Level 1:colcon.colcon_core.environment:checking '/home/bars/icarus_ws/install/ros2_control_demo_example_12' for CMake module files
[12.239s] Level 1:colcon.colcon_core.environment:checking '/home/bars/icarus_ws/install/ros2_control_demo_example_12' for CMake config files
[12.239s] Level 1:colcon.colcon_core.shell:create_environment_hook('ros2_control_demo_example_12', 'cmake_prefix_path')
[12.240s] INFO:colcon.colcon_core.shell:Creating environment hook '/home/bars/icarus_ws/install/ros2_control_demo_example_12/share/ros2_control_demo_example_12/hook/cmake_prefix_path.ps1'
[12.240s] INFO:colcon.colcon_core.shell:Creating environment descriptor '/home/bars/icarus_ws/install/ros2_control_demo_example_12/share/ros2_control_demo_example_12/hook/cmake_prefix_path.dsv'
[12.240s] INFO:colcon.colcon_core.shell:Creating environment hook '/home/bars/icarus_ws/install/ros2_control_demo_example_12/share/ros2_control_demo_example_12/hook/cmake_prefix_path.sh'
[12.240s] Level 1:colcon.colcon_core.environment:checking '/home/bars/icarus_ws/install/ros2_control_demo_example_12/lib'
[12.240s] Level 1:colcon.colcon_core.shell:create_environment_hook('ros2_control_demo_example_12', 'ld_library_path_lib')
[12.240s] INFO:colcon.colcon_core.shell:Creating environment hook '/home/bars/icarus_ws/install/ros2_control_demo_example_12/share/ros2_control_demo_example_12/hook/ld_library_path_lib.ps1'
[12.241s] INFO:colcon.colcon_core.shell:Creating environment descriptor '/home/bars/icarus_ws/install/ros2_control_demo_example_12/share/ros2_control_demo_example_12/hook/ld_library_path_lib.dsv'
[12.241s] INFO:colcon.colcon_core.shell:Creating environment hook '/home/bars/icarus_ws/install/ros2_control_demo_example_12/share/ros2_control_demo_example_12/hook/ld_library_path_lib.sh'
[12.241s] Level 1:colcon.colcon_core.environment:checking '/home/bars/icarus_ws/install/ros2_control_demo_example_12/bin'
[12.241s] Level 1:colcon.colcon_core.environment:checking '/home/bars/icarus_ws/install/ros2_control_demo_example_12/lib/pkgconfig/ros2_control_demo_example_12.pc'
[12.241s] Level 1:colcon.colcon_core.environment:checking '/home/bars/icarus_ws/install/ros2_control_demo_example_12/lib/python3.10/site-packages'
[12.241s] Level 1:colcon.colcon_core.environment:checking '/home/bars/icarus_ws/install/ros2_control_demo_example_12/bin'
[12.241s] INFO:colcon.colcon_core.shell:Creating package script '/home/bars/icarus_ws/install/ros2_control_demo_example_12/share/ros2_control_demo_example_12/package.ps1'
[12.242s] INFO:colcon.colcon_core.shell:Creating package descriptor '/home/bars/icarus_ws/install/ros2_control_demo_example_12/share/ros2_control_demo_example_12/package.dsv'
[12.242s] INFO:colcon.colcon_core.shell:Creating package script '/home/bars/icarus_ws/install/ros2_control_demo_example_12/share/ros2_control_demo_example_12/package.sh'
[12.242s] INFO:colcon.colcon_core.shell:Creating package script '/home/bars/icarus_ws/install/ros2_control_demo_example_12/share/ros2_control_demo_example_12/package.bash'
[12.242s] INFO:colcon.colcon_core.shell:Creating package script '/home/bars/icarus_ws/install/ros2_control_demo_example_12/share/ros2_control_demo_example_12/package.zsh'
[12.243s] Level 1:colcon.colcon_core.environment:create_file_with_runtime_dependencies(/home/bars/icarus_ws/install/ros2_control_demo_example_12/share/colcon-core/packages/ros2_control_demo_example_12)
[12.424s] Level 1:colcon.colcon_core.environment:create_environment_scripts_only(ros2_control_demo_example_7)
[12.424s] Level 1:colcon.colcon_core.environment:checking '/home/bars/icarus_ws/install/ros2_control_demo_example_7' for CMake module files
[12.424s] DEBUG:colcon.colcon_core.event_handler.log_command:Invoked command in '/home/bars/icarus_ws/build/ros2_control_demo_example_7' returned '0': CMAKE_PREFIX_PATH=/home/bars/icarus_ws/install/ros2_control_demo_description:/home/bars/icarus_ws/install/ros2_control_demos:/home/bars/icarus_ws/install/ros2_control_demo_example_9:/home/bars/icarus_ws/install/ros2_control_demo_example_8:/home/bars/icarus_ws/install/ros2_control_demo_example_7:/home/bars/icarus_ws/install/ros2_control_demo_example_6:/home/bars/icarus_ws/install/ros2_control_demo_example_15:/home/bars/icarus_ws/install/ros2_control_demo_example_13:/home/bars/icarus_ws/install/ros2_control_demo_example_5:/home/bars/icarus_ws/install/ros2_control_demo_example_4:/home/bars/icarus_ws/install/ros2_control_demo_example_3:/home/bars/icarus_ws/install/ros2_control_demo_example_2:/home/bars/icarus_ws/install/ros2_control_demo_example_14:/home/bars/icarus_ws/install/ros2_control_demo_example_12:/home/bars/icarus_ws/install/ros2_control_demo_example_11:/home/bars/icarus_ws/install/ros2_control_demo_example_10:/home/bars/icarus_ws/install/ros2_control_demo_example_1:/opt/ros/humble /usr/bin/cmake --install /home/bars/icarus_ws/build/ros2_control_demo_example_7
[12.425s] Level 1:colcon.colcon_core.environment:checking '/home/bars/icarus_ws/install/ros2_control_demo_example_7' for CMake config files
[12.425s] Level 1:colcon.colcon_core.shell:create_environment_hook('ros2_control_demo_example_7', 'cmake_prefix_path')
[12.425s] INFO:colcon.colcon_core.shell:Creating environment hook '/home/bars/icarus_ws/install/ros2_control_demo_example_7/share/ros2_control_demo_example_7/hook/cmake_prefix_path.ps1'
[12.425s] INFO:colcon.colcon_core.shell:Creating environment descriptor '/home/bars/icarus_ws/install/ros2_control_demo_example_7/share/ros2_control_demo_example_7/hook/cmake_prefix_path.dsv'
[12.426s] INFO:colcon.colcon_core.shell:Creating environment hook '/home/bars/icarus_ws/install/ros2_control_demo_example_7/share/ros2_control_demo_example_7/hook/cmake_prefix_path.sh'
[12.426s] Level 1:colcon.colcon_core.environment:checking '/home/bars/icarus_ws/install/ros2_control_demo_example_7/lib'
[12.426s] Level 1:colcon.colcon_core.shell:create_environment_hook('ros2_control_demo_example_7', 'ld_library_path_lib')
[12.426s] INFO:colcon.colcon_core.shell:Creating environment hook '/home/bars/icarus_ws/install/ros2_control_demo_example_7/share/ros2_control_demo_example_7/hook/ld_library_path_lib.ps1'
[12.426s] INFO:colcon.colcon_core.shell:Creating environment descriptor '/home/bars/icarus_ws/install/ros2_control_demo_example_7/share/ros2_control_demo_example_7/hook/ld_library_path_lib.dsv'
[12.426s] INFO:colcon.colcon_core.shell:Creating environment hook '/home/bars/icarus_ws/install/ros2_control_demo_example_7/share/ros2_control_demo_example_7/hook/ld_library_path_lib.sh'
[12.427s] Level 1:colcon.colcon_core.environment:checking '/home/bars/icarus_ws/install/ros2_control_demo_example_7/bin'
[12.427s] Level 1:colcon.colcon_core.environment:checking '/home/bars/icarus_ws/install/ros2_control_demo_example_7/lib/pkgconfig/ros2_control_demo_example_7.pc'
[12.427s] Level 1:colcon.colcon_core.environment:checking '/home/bars/icarus_ws/install/ros2_control_demo_example_7/lib/python3.10/site-packages'
[12.427s] Level 1:colcon.colcon_core.environment:checking '/home/bars/icarus_ws/install/ros2_control_demo_example_7/bin'
[12.427s] INFO:colcon.colcon_core.shell:Creating package script '/home/bars/icarus_ws/install/ros2_control_demo_example_7/share/ros2_control_demo_example_7/package.ps1'
[12.427s] INFO:colcon.colcon_core.shell:Creating package descriptor '/home/bars/icarus_ws/install/ros2_control_demo_example_7/share/ros2_control_demo_example_7/package.dsv'
[12.428s] INFO:colcon.colcon_core.shell:Creating package script '/home/bars/icarus_ws/install/ros2_control_demo_example_7/share/ros2_control_demo_example_7/package.sh'
[12.428s] INFO:colcon.colcon_core.shell:Creating package script '/home/bars/icarus_ws/install/ros2_control_demo_example_7/share/ros2_control_demo_example_7/package.bash'
[12.428s] INFO:colcon.colcon_core.shell:Creating package script '/home/bars/icarus_ws/install/ros2_control_demo_example_7/share/ros2_control_demo_example_7/package.zsh'
[12.428s] Level 1:colcon.colcon_core.environment:create_file_with_runtime_dependencies(/home/bars/icarus_ws/install/ros2_control_demo_example_7/share/colcon-core/packages/ros2_control_demo_example_7)
[12.428s] Level 1:colcon.colcon_core.environment:create_environment_scripts_only(ros2_control_demo_example_7)
[12.429s] Level 1:colcon.colcon_core.environment:checking '/home/bars/icarus_ws/install/ros2_control_demo_example_7' for CMake module files
[12.429s] Level 1:colcon.colcon_core.environment:checking '/home/bars/icarus_ws/install/ros2_control_demo_example_7' for CMake config files
[12.429s] Level 1:colcon.colcon_core.shell:create_environment_hook('ros2_control_demo_example_7', 'cmake_prefix_path')
[12.429s] INFO:colcon.colcon_core.shell:Creating environment hook '/home/bars/icarus_ws/install/ros2_control_demo_example_7/share/ros2_control_demo_example_7/hook/cmake_prefix_path.ps1'
[12.430s] INFO:colcon.colcon_core.shell:Creating environment descriptor '/home/bars/icarus_ws/install/ros2_control_demo_example_7/share/ros2_control_demo_example_7/hook/cmake_prefix_path.dsv'
[12.430s] INFO:colcon.colcon_core.shell:Creating environment hook '/home/bars/icarus_ws/install/ros2_control_demo_example_7/share/ros2_control_demo_example_7/hook/cmake_prefix_path.sh'
[12.430s] Level 1:colcon.colcon_core.environment:checking '/home/bars/icarus_ws/install/ros2_control_demo_example_7/lib'
[12.430s] Level 1:colcon.colcon_core.shell:create_environment_hook('ros2_control_demo_example_7', 'ld_library_path_lib')
[12.430s] INFO:colcon.colcon_core.shell:Creating environment hook '/home/bars/icarus_ws/install/ros2_control_demo_example_7/share/ros2_control_demo_example_7/hook/ld_library_path_lib.ps1'
[12.430s] INFO:colcon.colcon_core.shell:Creating environment descriptor '/home/bars/icarus_ws/install/ros2_control_demo_example_7/share/ros2_control_demo_example_7/hook/ld_library_path_lib.dsv'
[12.431s] INFO:colcon.colcon_core.shell:Creating environment hook '/home/bars/icarus_ws/install/ros2_control_demo_example_7/share/ros2_control_demo_example_7/hook/ld_library_path_lib.sh'
[12.431s] Level 1:colcon.colcon_core.environment:checking '/home/bars/icarus_ws/install/ros2_control_demo_example_7/bin'
[12.431s] Level 1:colcon.colcon_core.environment:checking '/home/bars/icarus_ws/install/ros2_control_demo_example_7/lib/pkgconfig/ros2_control_demo_example_7.pc'
[12.431s] Level 1:colcon.colcon_core.environment:checking '/home/bars/icarus_ws/install/ros2_control_demo_example_7/lib/python3.10/site-packages'
[12.431s] Level 1:colcon.colcon_core.environment:checking '/home/bars/icarus_ws/install/ros2_control_demo_example_7/bin'
[12.431s] INFO:colcon.colcon_core.shell:Creating package script '/home/bars/icarus_ws/install/ros2_control_demo_example_7/share/ros2_control_demo_example_7/package.ps1'
[12.432s] INFO:colcon.colcon_core.shell:Creating package descriptor '/home/bars/icarus_ws/install/ros2_control_demo_example_7/share/ros2_control_demo_example_7/package.dsv'
[12.432s] INFO:colcon.colcon_core.shell:Creating package script '/home/bars/icarus_ws/install/ros2_control_demo_example_7/share/ros2_control_demo_example_7/package.sh'
[12.432s] INFO:colcon.colcon_core.shell:Creating package script '/home/bars/icarus_ws/install/ros2_control_demo_example_7/share/ros2_control_demo_example_7/package.bash'
[12.432s] INFO:colcon.colcon_core.shell:Creating package script '/home/bars/icarus_ws/install/ros2_control_demo_example_7/share/ros2_control_demo_example_7/package.zsh'
[12.433s] Level 1:colcon.colcon_core.environment:create_file_with_runtime_dependencies(/home/bars/icarus_ws/install/ros2_control_demo_example_7/share/colcon-core/packages/ros2_control_demo_example_7)
[12.433s] INFO:colcon.colcon_ros.task.ament_cmake.build:Building ROS package in '/home/bars/icarus_ws/src/ros2_control_demos/ros2_control_demos' with build type 'ament_cmake'
[12.433s] INFO:colcon.colcon_cmake.task.cmake.build:Building CMake package in '/home/bars/icarus_ws/src/ros2_control_demos/ros2_control_demos'
[12.433s] INFO:colcon.colcon_core.shell:Skip shell extension 'powershell' for command environment: Not usable outside of PowerShell
[12.433s] DEBUG:colcon.colcon_core.shell:Skip shell extension 'dsv' for command environment
[12.499s] DEBUG:colcon.colcon_core.event_handler.log_command:Invoking command in '/home/bars/icarus_ws/build/ros2_control_demos': CMAKE_PREFIX_PATH=/home/bars/icarus_ws/install/ros2_control_demo_example_15:/home/bars/icarus_ws/install/ros2_control_demo_example_13:/home/bars/icarus_ws/install/ros2_control_demo_example_9:/home/bars/icarus_ws/install/ros2_control_demo_example_8:/home/bars/icarus_ws/install/ros2_control_demo_example_7:/home/bars/icarus_ws/install/ros2_control_demo_example_6:/home/bars/icarus_ws/install/ros2_control_demo_example_5:/home/bars/icarus_ws/install/ros2_control_demo_example_4:/home/bars/icarus_ws/install/ros2_control_demo_example_3:/home/bars/icarus_ws/install/ros2_control_demo_example_2:/home/bars/icarus_ws/install/ros2_control_demo_example_14:/home/bars/icarus_ws/install/ros2_control_demo_example_12:/home/bars/icarus_ws/install/ros2_control_demo_example_11:/home/bars/icarus_ws/install/ros2_control_demo_example_10:/home/bars/icarus_ws/install/ros2_control_demo_example_1:/home/bars/icarus_ws/install/ros2_control_demo_description:/home/bars/icarus_ws/install/ros2_control_demos:/opt/ros/humble /usr/bin/cmake /home/bars/icarus_ws/src/ros2_control_demos/ros2_control_demos -DAMENT_CMAKE_SYMLINK_INSTALL=1 -DCMAKE_INSTALL_PREFIX=/home/bars/icarus_ws/install/ros2_control_demos
[12.944s] DEBUG:colcon.colcon_core.event_handler.log_command:Invoked command in '/home/bars/icarus_ws/build/ros2_control_demos' returned '0': CMAKE_PREFIX_PATH=/home/bars/icarus_ws/install/ros2_control_demo_example_15:/home/bars/icarus_ws/install/ros2_control_demo_example_13:/home/bars/icarus_ws/install/ros2_control_demo_example_9:/home/bars/icarus_ws/install/ros2_control_demo_example_8:/home/bars/icarus_ws/install/ros2_control_demo_example_7:/home/bars/icarus_ws/install/ros2_control_demo_example_6:/home/bars/icarus_ws/install/ros2_control_demo_example_5:/home/bars/icarus_ws/install/ros2_control_demo_example_4:/home/bars/icarus_ws/install/ros2_control_demo_example_3:/home/bars/icarus_ws/install/ros2_control_demo_example_2:/home/bars/icarus_ws/install/ros2_control_demo_example_14:/home/bars/icarus_ws/install/ros2_control_demo_example_12:/home/bars/icarus_ws/install/ros2_control_demo_example_11:/home/bars/icarus_ws/install/ros2_control_demo_example_10:/home/bars/icarus_ws/install/ros2_control_demo_example_1:/home/bars/icarus_ws/install/ros2_control_demo_description:/home/bars/icarus_ws/install/ros2_control_demos:/opt/ros/humble /usr/bin/cmake /home/bars/icarus_ws/src/ros2_control_demos/ros2_control_demos -DAMENT_CMAKE_SYMLINK_INSTALL=1 -DCMAKE_INSTALL_PREFIX=/home/bars/icarus_ws/install/ros2_control_demos
[12.945s] DEBUG:colcon.colcon_core.event_handler.log_command:Invoking command in '/home/bars/icarus_ws/build/ros2_control_demos': CMAKE_PREFIX_PATH=/home/bars/icarus_ws/install/ros2_control_demo_example_15:/home/bars/icarus_ws/install/ros2_control_demo_example_13:/home/bars/icarus_ws/install/ros2_control_demo_example_9:/home/bars/icarus_ws/install/ros2_control_demo_example_8:/home/bars/icarus_ws/install/ros2_control_demo_example_7:/home/bars/icarus_ws/install/ros2_control_demo_example_6:/home/bars/icarus_ws/install/ros2_control_demo_example_5:/home/bars/icarus_ws/install/ros2_control_demo_example_4:/home/bars/icarus_ws/install/ros2_control_demo_example_3:/home/bars/icarus_ws/install/ros2_control_demo_example_2:/home/bars/icarus_ws/install/ros2_control_demo_example_14:/home/bars/icarus_ws/install/ros2_control_demo_example_12:/home/bars/icarus_ws/install/ros2_control_demo_example_11:/home/bars/icarus_ws/install/ros2_control_demo_example_10:/home/bars/icarus_ws/install/ros2_control_demo_example_1:/home/bars/icarus_ws/install/ros2_control_demo_description:/home/bars/icarus_ws/install/ros2_control_demos:/opt/ros/humble /usr/bin/cmake --build /home/bars/icarus_ws/build/ros2_control_demos -- -j20 -l20
[12.975s] DEBUG:colcon.colcon_core.event_handler.log_command:Invoked command in '/home/bars/icarus_ws/build/ros2_control_demos' returned '0': CMAKE_PREFIX_PATH=/home/bars/icarus_ws/install/ros2_control_demo_example_15:/home/bars/icarus_ws/install/ros2_control_demo_example_13:/home/bars/icarus_ws/install/ros2_control_demo_example_9:/home/bars/icarus_ws/install/ros2_control_demo_example_8:/home/bars/icarus_ws/install/ros2_control_demo_example_7:/home/bars/icarus_ws/install/ros2_control_demo_example_6:/home/bars/icarus_ws/install/ros2_control_demo_example_5:/home/bars/icarus_ws/install/ros2_control_demo_example_4:/home/bars/icarus_ws/install/ros2_control_demo_example_3:/home/bars/icarus_ws/install/ros2_control_demo_example_2:/home/bars/icarus_ws/install/ros2_control_demo_example_14:/home/bars/icarus_ws/install/ros2_control_demo_example_12:/home/bars/icarus_ws/install/ros2_control_demo_example_11:/home/bars/icarus_ws/install/ros2_control_demo_example_10:/home/bars/icarus_ws/install/ros2_control_demo_example_1:/home/bars/icarus_ws/install/ros2_control_demo_description:/home/bars/icarus_ws/install/ros2_control_demos:/opt/ros/humble /usr/bin/cmake --build /home/bars/icarus_ws/build/ros2_control_demos -- -j20 -l20
[12.975s] DEBUG:colcon.colcon_core.event_handler.log_command:Invoking command in '/home/bars/icarus_ws/build/ros2_control_demos': CMAKE_PREFIX_PATH=/home/bars/icarus_ws/install/ros2_control_demo_example_15:/home/bars/icarus_ws/install/ros2_control_demo_example_13:/home/bars/icarus_ws/install/ros2_control_demo_example_9:/home/bars/icarus_ws/install/ros2_control_demo_example_8:/home/bars/icarus_ws/install/ros2_control_demo_example_7:/home/bars/icarus_ws/install/ros2_control_demo_example_6:/home/bars/icarus_ws/install/ros2_control_demo_example_5:/home/bars/icarus_ws/install/ros2_control_demo_example_4:/home/bars/icarus_ws/install/ros2_control_demo_example_3:/home/bars/icarus_ws/install/ros2_control_demo_example_2:/home/bars/icarus_ws/install/ros2_control_demo_example_14:/home/bars/icarus_ws/install/ros2_control_demo_example_12:/home/bars/icarus_ws/install/ros2_control_demo_example_11:/home/bars/icarus_ws/install/ros2_control_demo_example_10:/home/bars/icarus_ws/install/ros2_control_demo_example_1:/home/bars/icarus_ws/install/ros2_control_demo_description:/home/bars/icarus_ws/install/ros2_control_demos:/opt/ros/humble /usr/bin/cmake --install /home/bars/icarus_ws/build/ros2_control_demos
[13.084s] Level 1:colcon.colcon_core.environment:create_environment_scripts_only(ros2_control_demos)
[13.085s] Level 1:colcon.colcon_core.environment:checking '/home/bars/icarus_ws/install/ros2_control_demos' for CMake module files
[13.086s] DEBUG:colcon.colcon_core.event_handler.log_command:Invoked command in '/home/bars/icarus_ws/build/ros2_control_demos' returned '0': CMAKE_PREFIX_PATH=/home/bars/icarus_ws/install/ros2_control_demo_example_15:/home/bars/icarus_ws/install/ros2_control_demo_example_13:/home/bars/icarus_ws/install/ros2_control_demo_example_9:/home/bars/icarus_ws/install/ros2_control_demo_example_8:/home/bars/icarus_ws/install/ros2_control_demo_example_7:/home/bars/icarus_ws/install/ros2_control_demo_example_6:/home/bars/icarus_ws/install/ros2_control_demo_example_5:/home/bars/icarus_ws/install/ros2_control_demo_example_4:/home/bars/icarus_ws/install/ros2_control_demo_example_3:/home/bars/icarus_ws/install/ros2_control_demo_example_2:/home/bars/icarus_ws/install/ros2_control_demo_example_14:/home/bars/icarus_ws/install/ros2_control_demo_example_12:/home/bars/icarus_ws/install/ros2_control_demo_example_11:/home/bars/icarus_ws/install/ros2_control_demo_example_10:/home/bars/icarus_ws/install/ros2_control_demo_example_1:/home/bars/icarus_ws/install/ros2_control_demo_description:/home/bars/icarus_ws/install/ros2_control_demos:/opt/ros/humble /usr/bin/cmake --install /home/bars/icarus_ws/build/ros2_control_demos
[13.086s] Level 1:colcon.colcon_core.environment:checking '/home/bars/icarus_ws/install/ros2_control_demos' for CMake config files
[13.086s] Level 1:colcon.colcon_core.shell:create_environment_hook('ros2_control_demos', 'cmake_prefix_path')
[13.086s] INFO:colcon.colcon_core.shell:Creating environment hook '/home/bars/icarus_ws/install/ros2_control_demos/share/ros2_control_demos/hook/cmake_prefix_path.ps1'
[13.086s] INFO:colcon.colcon_core.shell:Creating environment descriptor '/home/bars/icarus_ws/install/ros2_control_demos/share/ros2_control_demos/hook/cmake_prefix_path.dsv'
[13.087s] INFO:colcon.colcon_core.shell:Creating environment hook '/home/bars/icarus_ws/install/ros2_control_demos/share/ros2_control_demos/hook/cmake_prefix_path.sh'
[13.087s] Level 1:colcon.colcon_core.environment:checking '/home/bars/icarus_ws/install/ros2_control_demos/bin'
[13.087s] Level 1:colcon.colcon_core.environment:checking '/home/bars/icarus_ws/install/ros2_control_demos/lib/pkgconfig/ros2_control_demos.pc'
[13.087s] Level 1:colcon.colcon_core.environment:checking '/home/bars/icarus_ws/install/ros2_control_demos/lib/python3.10/site-packages'
[13.087s] Level 1:colcon.colcon_core.environment:checking '/home/bars/icarus_ws/install/ros2_control_demos/bin'
[13.088s] INFO:colcon.colcon_core.shell:Creating package script '/home/bars/icarus_ws/install/ros2_control_demos/share/ros2_control_demos/package.ps1'
[13.088s] INFO:colcon.colcon_core.shell:Creating package descriptor '/home/bars/icarus_ws/install/ros2_control_demos/share/ros2_control_demos/package.dsv'
[13.088s] INFO:colcon.colcon_core.shell:Creating package script '/home/bars/icarus_ws/install/ros2_control_demos/share/ros2_control_demos/package.sh'
[13.088s] INFO:colcon.colcon_core.shell:Creating package script '/home/bars/icarus_ws/install/ros2_control_demos/share/ros2_control_demos/package.bash'
[13.088s] INFO:colcon.colcon_core.shell:Creating package script '/home/bars/icarus_ws/install/ros2_control_demos/share/ros2_control_demos/package.zsh'
[13.088s] Level 1:colcon.colcon_core.environment:create_file_with_runtime_dependencies(/home/bars/icarus_ws/install/ros2_control_demos/share/colcon-core/packages/ros2_control_demos)
[13.089s] Level 1:colcon.colcon_core.environment:create_environment_scripts_only(ros2_control_demos)
[13.089s] Level 1:colcon.colcon_core.environment:checking '/home/bars/icarus_ws/install/ros2_control_demos' for CMake module files
[13.089s] Level 1:colcon.colcon_core.environment:checking '/home/bars/icarus_ws/install/ros2_control_demos' for CMake config files
[13.089s] Level 1:colcon.colcon_core.shell:create_environment_hook('ros2_control_demos', 'cmake_prefix_path')
[13.089s] INFO:colcon.colcon_core.shell:Creating environment hook '/home/bars/icarus_ws/install/ros2_control_demos/share/ros2_control_demos/hook/cmake_prefix_path.ps1'
[13.089s] INFO:colcon.colcon_core.shell:Creating environment descriptor '/home/bars/icarus_ws/install/ros2_control_demos/share/ros2_control_demos/hook/cmake_prefix_path.dsv'
[13.090s] INFO:colcon.colcon_core.shell:Creating environment hook '/home/bars/icarus_ws/install/ros2_control_demos/share/ros2_control_demos/hook/cmake_prefix_path.sh'
[13.090s] Level 1:colcon.colcon_core.environment:checking '/home/bars/icarus_ws/install/ros2_control_demos/bin'
[13.090s] Level 1:colcon.colcon_core.environment:checking '/home/bars/icarus_ws/install/ros2_control_demos/lib/pkgconfig/ros2_control_demos.pc'
[13.090s] Level 1:colcon.colcon_core.environment:checking '/home/bars/icarus_ws/install/ros2_control_demos/lib/python3.10/site-packages'
[13.090s] Level 1:colcon.colcon_core.environment:checking '/home/bars/icarus_ws/install/ros2_control_demos/bin'
[13.091s] INFO:colcon.colcon_core.shell:Creating package script '/home/bars/icarus_ws/install/ros2_control_demos/share/ros2_control_demos/package.ps1'
[13.091s] INFO:colcon.colcon_core.shell:Creating package descriptor '/home/bars/icarus_ws/install/ros2_control_demos/share/ros2_control_demos/package.dsv'
[13.091s] INFO:colcon.colcon_core.shell:Creating package script '/home/bars/icarus_ws/install/ros2_control_demos/share/ros2_control_demos/package.sh'
[13.091s] INFO:colcon.colcon_core.shell:Creating package script '/home/bars/icarus_ws/install/ros2_control_demos/share/ros2_control_demos/package.bash'
[13.091s] INFO:colcon.colcon_core.shell:Creating package script '/home/bars/icarus_ws/install/ros2_control_demos/share/ros2_control_demos/package.zsh'
[13.092s] Level 1:colcon.colcon_core.environment:create_file_with_runtime_dependencies(/home/bars/icarus_ws/install/ros2_control_demos/share/colcon-core/packages/ros2_control_demos)
[13.092s] DEBUG:colcon.colcon_parallel_executor.executor.parallel:closing loop
[13.092s] DEBUG:colcon.colcon_parallel_executor.executor.parallel:loop closed
[13.092s] DEBUG:colcon.colcon_parallel_executor.executor.parallel:run_until_complete finished with '0'
[13.092s] DEBUG:colcon.colcon_core.event_reactor:joining thread
[13.106s] INFO:colcon.colcon_core.plugin_system:Skipping extension 'colcon_notification.desktop_notification.terminal_notifier': Not used on non-Darwin systems
[13.107s] INFO:colcon.colcon_core.plugin_system:Skipping extension 'colcon_notification.desktop_notification.win32': Not used on non-Windows systems
[13.107s] INFO:colcon.colcon_notification.desktop_notification:Sending desktop notification using 'notify2'
[13.120s] DEBUG:colcon.colcon_core.event_reactor:joined thread
[13.120s] INFO:colcon.colcon_core.shell:Creating prefix script '/home/bars/icarus_ws/install/local_setup.ps1'
[13.121s] INFO:colcon.colcon_core.shell:Creating prefix util module '/home/bars/icarus_ws/install/_local_setup_util_ps1.py'
[13.122s] INFO:colcon.colcon_core.shell:Creating prefix chain script '/home/bars/icarus_ws/install/setup.ps1'
[13.123s] INFO:colcon.colcon_core.shell:Creating prefix script '/home/bars/icarus_ws/install/local_setup.sh'
[13.123s] INFO:colcon.colcon_core.shell:Creating prefix util module '/home/bars/icarus_ws/install/_local_setup_util_sh.py'
[13.124s] INFO:colcon.colcon_core.shell:Creating prefix chain script '/home/bars/icarus_ws/install/setup.sh'
[13.124s] INFO:colcon.colcon_core.shell:Creating prefix script '/home/bars/icarus_ws/install/local_setup.bash'
[13.125s] INFO:colcon.colcon_core.shell:Creating prefix chain script '/home/bars/icarus_ws/install/setup.bash'
[13.126s] INFO:colcon.colcon_core.shell:Creating prefix script '/home/bars/icarus_ws/install/local_setup.zsh'
[13.126s] INFO:colcon.colcon_core.shell:Creating prefix chain script '/home/bars/icarus_ws/install/setup.zsh'
